ticker,date,signal,score,entry,ret_5d,win_5d,ret_10d,win_10d,ret_20d,win_20d,ind_RSI,ind_MACD,ind_EMA_trend,ind_OBV,ind_RSI_div,ind_Candles,ind_Bollinger,ind_Volume,ind_MA_align,ind_Stoch
SBER,2025-07-02,ШОРТ,-3,319.43,-1.86,True,-2.89,True,-2.74,True,-1,1,-1,0,0,0,-2,0,1,-1
SBER,2025-07-03,ШОРТ,-3,319.17,-2.96,True,-3.05,True,-1.91,True,-1,1,-1,0,0,0,-2,0,1,-1
SBER,2025-07-04,ШОРТ,-3,319.44,-2.93,True,-0.46,True,-2.7,True,-1,1,-1,0,0,0,-1,0,1,-2
SBER,2025-07-07,ШОРТ,-3,313.5,-1.05,True,4.32,False,-1.49,True,-1,1,1,0,0,-1,-1,0,0,-2
SBER,2025-07-10,ЛОНГ,3,314.01,1.9,True,-0.46,False,-3.41,False,0,-1,1,0,0,0,1,1,0,1
SBER,2025-07-15,ЛОНГ,3,319.99,-2.32,False,-3.46,False,-3.05,False,0,-1,1,1,0,1,0,1,0,0
SBER,2025-07-19,ЛОНГ,3,312.42,-0.51,False,-2.29,False,1.79,True,0,1,1,1,0,0,1,-1,0,0
SBER,2025-07-29,ЛОНГ,3,305.26,0.69,True,4.17,True,2.22,True,1,-1,1,1,0,0,1,0,-1,1
SBER,2025-08-07,ЛОНГ,4,313.43,1.69,True,0.98,True,-1.08,False,0,2,-1,0,2,0,0,1,0,0
SBER,2025-08-11,ШОРТ,-4,317.82,-0.83,True,-2.47,True,-2.15,True,-1,1,-1,0,0,0,-2,0,0,-1
SBER,2025-08-17,ЛОНГ,3,314.97,-0.93,False,-0.7,False,-1.54,False,0,1,1,0,2,-1,0,0,0,0
SBER,2025-08-19,ЛОНГ,3,316.5,-1.47,False,-2.04,False,-1.16,False,0,1,1,0,0,0,0,0,1,0
SBER,2025-08-22,ШОРТ,-4,312.05,0.23,False,-0.91,True,-1.58,True,0,-2,-2,0,0,0,0,0,0,0
SBER,2025-08-29,ШОРТ,-3,310.04,-0.18,True,0.9,False,-2.7,True,0,-1,-2,0,0,-1,1,0,-1,1
SBER,2025-09-04,ШОРТ,-3,308.74,1.4,False,-1.54,True,-5.64,True,0,-1,-1,0,0,0,0,0,-1,0
SBER,2025-09-05,ШОРТ,-3,310.5,-0.24,True,-2.58,True,-6.06,True,0,-1,-1,0,0,0,0,0,-1,0
SBER,2025-09-15,ЛОНГ,3,302.48,-1.46,False,-3.57,False,-2.84,False,1,-1,1,0,0,0,1,0,-1,2
SBER,2025-10-19,ШОРТ,-3,303.03,-5.11,True,-3.68,True,-1.3,True,-1,1,-1,0,0,0,-2,0,1,-1
SBER,2025-10-21,ШОРТ,-3,295.47,-2.03,True,0.87,False,0.67,False,-1,1,-1,0,0,0,-1,0,1,-2
SBER,2025-10-28,ШОРТ,-3,289.46,2.96,False,2.94,False,5.28,False,0,-2,-1,-1,0,0,0,0,0,1
SBER,2025-10-29,ШОРТ,-3,290.5,1.79,False,3.43,False,5.99,False,0,-1,-1,-1,0,0,0,0,0,0
SBER,2025-10-30,ШОРТ,-3,296.12,-0.62,True,1.69,False,3.57,False,0,-1,-1,-1,0,0,0,0,0,0
SBER,2025-11-13,ШОРТ,-3,299.09,0.12,False,2.51,False,2.72,False,0,1,-1,0,0,-1,0,0,0,-2
SBER,2025-11-17,ШОРТ,-3,294.68,3.8,False,3.12,False,4.25,False,0,-2,-1,0,0,0,0,0,0,0
SBER,2025-12-23,ЛОНГ,3,300.65,0.63,True,-0.88,False,1.12,True,1,-1,1,0,0,0,2,0,-1,1
SBER,2025-12-26,ШОРТ,-3,302.51,-1.23,True,-1.75,True,1.44,False,0,-1,-1,0,0,-1,0,0,0,0
SBER,2026-01-14,ЛОНГ,3,298.58,1.69,True,2.58,True,1.75,True,1,-1,1,0,2,-1,1,0,-1,1
SBER,2026-01-17,ЛОНГ,5,301.28,1.64,True,1.21,True,-0.22,False,0,2,1,0,2,0,0,0,0,0
SBER,2026-01-18,ЛОНГ,4,301.86,1.66,True,0.57,True,-0.04,False,0,1,1,0,2,0,0,0,0,0
SBER,2026-01-19,ЛОНГ,5,303.62,0.88,True,1.61,True,-0.64,False,0,1,1,1,2,0,0,0,0,0
SBER,2026-01-20,ЛОНГ,5,304.03,0.89,True,0.52,True,-0.73,False,0,1,1,1,2,0,-1,1,0,0
SBER,2026-01-21,ЛОНГ,3,306.49,-1.08,False,-0.26,False,-1.17,False,0,1,1,0,2,0,-1,0,1,-1
SBER,2026-01-22,ЛОНГ,3,306.22,-0.42,False,0.05,True,-0.15,False,-1,1,2,0,2,0,-2,1,1,-1
SBER,2026-01-24,ЛОНГ,3,306.29,0.73,True,-0.81,False,0.74,True,-1,1,1,0,2,1,-1,0,1,-1
SBER,2026-01-27,ЛОНГ,4,304.92,0.48,True,-1.41,False,2.78,True,0,1,1,0,2,0,0,0,0,0
SBER,2026-02-09,ШОРТ,-3,301.81,3.04,False,3.97,False,3.32,False,0,-1,-1,0,-2,0,1,0,-1,1
SBER,2026-02-10,ШОРТ,-3,302.9,2.6,False,3.51,False,2.71,False,0,-1,-1,0,-2,0,0,0,0,1
SBER,2026-02-16,ШОРТ,-4,311.0,0.9,False,1.48,False,1.22,False,-1,1,-1,0,-2,0,-1,1,0,-1
SBER,2026-02-17,ШОРТ,-3,310.77,0.89,False,1.56,False,1.39,False,-1,1,-1,0,0,0,-2,1,0,-1
SBER,2026-02-18,ШОРТ,-3,313.4,0.24,False,0.21,False,0.95,False,-1,1,-1,0,0,0,-1,0,1,-2
GMKN,2025-06-16,ШОРТ,-3,104.42,-0.5,True,6.68,False,-0.67,True,0,-2,-1,0,0,0,0,0,0,0
GMKN,2025-06-25,ШОРТ,-3,107.18,3.77,False,2.05,False,2.72,False,0,-1,-1,0,0,0,0,0,-1,0
GMKN,2025-06-30,ШОРТ,-3,111.22,-1.65,True,-6.11,True,5.56,False,0,1,-1,-1,0,0,-1,0,1,-2
GMKN,2025-07-08,ШОРТ,-3,103.72,-1.91,True,11.22,False,12.8,False,0,-2,-1,0,0,0,0,0,0,0
GMKN,2025-07-10,ЛОНГ,4,104.42,5.44,True,12.43,True,14.4,True,1,-1,1,0,0,0,1,1,0,1
GMKN,2025-07-16,ЛОНГ,3,110.04,5.91,True,4.02,True,14.05,True,0,2,-1,1,0,0,0,1,0,0
GMKN,2025-07-20,ШОРТ,-3,117.4,-2.32,True,1.75,False,9.2,False,-1,1,-1,1,0,0,-2,0,0,-1
GMKN,2025-07-21,ШОРТ,-3,116.54,-1.78,True,3.71,False,12.8,False,-1,1,-1,0,0,0,-1,0,1,-2
GMKN,2025-07-22,ШОРТ,-3,119.5,-4.35,True,0.52,False,9.27,False,-1,1,-1,0,0,0,-1,-1,1,-1
GMKN,2025-07-29,ЛОНГ,3,122.9,-0.6,False,4.31,True,0.03,True,-1,1,1,0,0,1,0,1,0,0
GMKN,2025-09-13,ШОРТ,-4,123.42,-0.44,True,-2.32,True,-2.66,True,0,-2,1,0,-2,0,0,-1,0,0
GMKN,2025-09-30,ЛОНГ,3,123.88,-3.02,False,1.42,True,7.8,True,0,2,1,0,0,0,0,1,0,-1
GMKN,2025-10-07,ЛОНГ,3,125.96,0.51,True,4.41,True,-0.52,False,0,-1,1,1,2,0,0,0,0,0
GMKN,2025-10-08,ЛОНГ,5,121.86,5.89,True,9.34,True,3.97,True,0,2,1,1,2,0,-1,1,0,-1
GMKN,2025-10-28,ЛОНГ,3,122.6,3.59,True,3.57,True,5.87,True,1,-1,1,-1,0,0,2,0,0,1
GMKN,2025-11-13,ШОРТ,-4,125.38,1.29,False,5.55,False,6.89,False,0,-2,-1,0,0,-1,0,0,0,0
GMKN,2025-11-29,ЛОНГ,3,130.76,-1.39,False,4.28,True,8.58,True,0,1,1,0,0,0,0,0,1,0
GMKN,2025-11-30,ЛОНГ,3,131.48,1.93,True,4.03,True,9.08,True,0,1,1,0,0,0,0,0,1,0
GMKN,2025-12-01,ЛОНГ,3,131.1,1.46,True,4.36,True,12.95,True,0,1,1,0,0,1,0,0,0,0
GMKN,2025-12-05,ШОРТ,-3,134.02,2.06,False,4.79,False,13.83,False,0,-2,1,-1,0,-1,0,0,0,0
GMKN,2025-12-10,ШОРТ,-3,136.9,1.53,False,3.93,False,9.17,False,-1,1,1,-1,-2,0,-2,1,1,-1
GMKN,2025-12-11,ШОРТ,-3,136.36,3.02,False,4.12,False,10.46,False,-1,1,1,-1,-2,0,-1,0,1,-1
GMKN,2026-01-15,ШОРТ,-4,156.4,1.56,False,8.08,False,1.09,False,-2,1,1,0,-2,0,-1,0,1,-2
GMKN,2026-01-19,ШОРТ,-4,158.72,4.61,False,7.43,False,-1.27,True,-2,-2,1,0,-2,0,0,0,1,0
GMKN,2026-01-20,ШОРТ,-5,158.84,6.42,False,0.73,False,-0.78,True,-2,-1,1,0,-2,0,-1,0,1,-1
GMKN,2026-01-21,ШОРТ,-5,162.0,2.77,False,-1.11,True,-3.73,True,-2,-1,1,0,-2,0,-1,0,1,-1
GMKN,2026-01-23,ШОРТ,-3,165.36,1.78,False,-2.98,True,-4.32,True,-2,1,1,0,-2,0,-1,0,1,-1
ROSN,2025-06-14,ЛОНГ,3,457.6,-0.44,False,-4.91,False,-6.93,False,0,2,1,-1,2,0,-1,1,0,-1
ROSN,2025-06-15,ШОРТ,-3,450.3,-0.34,True,-2.56,True,-5.26,True,-1,1,-1,-1,2,0,-2,0,0,-1
ROSN,2025-06-28,ШОРТ,-3,439.2,-2.71,True,-5.45,True,-5.66,True,0,-1,-1,-1,0,0,0,0,0,0
ROSN,2025-06-29,ШОРТ,-3,437.15,-2.39,True,-6.15,True,-4.38,True,0,-1,-1,-1,0,0,0,0,0,0
ROSN,2025-06-30,ШОРТ,-3,442.3,-3.38,True,-6.58,True,-5.44,True,0,-1,-1,-1,0,0,0,0,0,0
ROSN,2025-07-01,ШОРТ,-3,439.75,-3.15,True,-8.53,True,-5.04,True,0,-1,-1,-1,0,0,0,0,0,0
ROSN,2025-07-10,ЛОНГ,4,413.2,1.44,True,1.22,True,1.5,True,1,-1,1,0,0,0,2,0,-1,2
ROSN,2025-08-06,ШОРТ,-3,438.4,4.15,False,8.39,False,4.05,False,-1,1,-1,-1,0,0,-2,1,1,-1
ROSN,2025-08-11,ШОРТ,-4,461.55,2.58,False,-1.47,True,0.31,False,-2,1,-1,0,0,0,-2,0,1,-1
ROSN,2025-08-12,ШОРТ,-4,461.5,2.47,False,-1.12,True,-0.09,True,-2,1,-1,0,0,0,-2,1,1,-2
ROSN,2025-08-13,ШОРТ,-4,456.6,4.07,False,0.24,False,-1.05,True,-2,1,-1,0,0,0,-2,0,1,-1
ROSN,2025-08-22,ШОРТ,-3,456.35,2.03,False,1.04,False,1.8,False,0,-2,-1,0,0,0,0,0,0,0
ROSN,2025-09-14,ЛОНГ,3,449.65,-4.61,False,-5.65,False,-8.45,False,0,-1,1,0,0,0,2,0,0,1
ROSN,2025-09-27,ЛОНГ,3,424.7,-3.93,False,-3.0,False,-1.58,False,1,-1,1,0,0,0,1,0,-1,2
ROSN,2025-10-02,ЛОНГ,3,408.0,0.97,True,-0.04,False,-1.48,False,2,-1,1,0,0,0,1,0,-1,1
ROSN,2025-10-03,ЛОНГ,4,404.4,-0.14,False,-0.4,False,-3.6,False,2,-1,1,0,0,0,1,0,-1,2
ROSN,2025-10-04,ЛОНГ,3,401.5,4.01,True,-0.04,False,-2.91,False,2,-1,1,0,0,0,1,0,-1,1
ROSN,2025-10-05,ЛОНГ,3,403.05,0.86,True,-0.55,False,-8.16,False,2,-1,1,0,0,0,1,0,-1,1
ROSN,2025-10-06,ЛОНГ,4,411.65,-1.04,False,2.94,True,-8.54,False,2,-1,1,0,0,0,1,0,-1,2
ROSN,2025-10-28,ЛОНГ,3,376.5,4.7,True,5.25,True,6.93,True,2,-1,-1,0,2,0,2,-1,-1,1
ROSN,2025-11-21,ШОРТ,-3,407.95,-0.72,True,-2.0,True,0.42,False,-1,1,-1,0,0,0,-2,1,0,-1
ROSN,2025-11-25,ШОРТ,-3,410.2,-0.69,True,-0.05,True,0.3,False,-1,1,-1,-1,0,0,-1,0,1,-1
ROSN,2025-12-05,ШОРТ,-3,410.0,-1.89,True,0.35,False,-0.1,True,0,-2,-1,0,0,0,0,0,0,0
ROSN,2025-12-09,ШОРТ,-3,408.05,-1.03,True,0.48,False,0.15,False,0,-2,-1,0,0,0,0,0,0,0
ROSN,2025-12-13,ШОРТ,-3,405.0,1.05,False,-0.01,True,-1.12,True,0,-2,-1,0,0,0,0,0,0,0
ROSN,2025-12-17,ШОРТ,-4,411.45,-1.26,True,-0.45,True,-4.35,True,0,2,-1,-1,-2,0,-1,0,0,-1
ROSN,2025-12-18,ШОРТ,-3,409.25,-1.05,True,0.43,False,-3.63,True,0,1,-1,-1,-2,0,-1,0,1,0
ROSN,2025-12-19,ШОРТ,-3,410.0,-1.04,True,-0.33,True,-3.55,True,0,1,-1,0,-2,0,0,-1,0,0
ROSN,2025-12-22,ШОРТ,-3,406.25,0.82,False,-0.76,True,-3.48,True,0,-2,1,0,-2,0,0,0,0,0
ROSN,2025-12-23,ШОРТ,-5,404.95,1.49,False,-1.11,True,-3.25,True,0,-2,-1,0,-2,0,0,0,0,0
ROSN,2025-12-24,ШОРТ,-4,405.75,0.71,False,-0.42,True,-2.51,True,0,-1,-1,0,-2,0,0,0,0,0
ROSN,2025-12-30,ШОРТ,-3,409.0,-4.14,True,-3.17,True,-0.65,True,0,-1,1,0,-2,0,0,-1,0,0
ROSN,2026-01-13,ЛОНГ,3,390.5,1.38,True,2.29,True,2.78,True,1,-1,1,0,0,0,2,0,-1,1
ROSN,2026-01-14,ЛОНГ,3,393.55,-0.37,False,1.49,True,1.78,True,1,-1,1,0,0,0,2,0,-1,1
ROSN,2026-01-15,ЛОНГ,3,394.4,-0.66,False,1.65,True,1.58,True,1,-1,1,0,0,0,1,0,-1,2
ROSN,2026-01-24,ЛОНГ,3,399.4,3.3,True,0.29,True,-2.28,False,0,2,1,0,0,0,0,0,0,0
ROSN,2026-01-25,ЛОНГ,3,400.9,1.71,True,-0.06,False,-3.09,False,0,1,1,1,0,0,0,0,0,0
ROSN,2026-02-28,ЛОНГ,3,405.85,10.31,True,22.95,True,22.59,True,0,1,-1,0,2,0,0,1,0,0
ROSN,2026-03-03,ШОРТ,-4,443.3,9.35,False,14.5,False,11.58,False,-2,1,-1,0,0,0,-2,1,1,-2
ROSN,2026-03-04,ШОРТ,-3,441.25,10.36,False,11.97,False,11.15,False,-2,1,-1,0,0,0,-2,1,1,-1
ROSN,2026-03-06,ШОРТ,-3,467.5,7.19,False,9.56,False,6.0,False,-2,1,-1,0,0,0,-2,1,1,-1
GAZP,2025-06-10,ЛОНГ,5,122.8,0.2,True,1.21,True,4.11,True,1,-1,1,1,2,0,1,0,-1,1
GAZP,2025-06-11,ЛОНГ,5,122.84,3.52,True,1.86,True,4.06,True,1,-1,1,1,2,0,1,0,-1,1
GAZP,2025-06-13,ЛОНГ,6,123.39,2.66,True,2.4,True,3.49,True,1,-1,1,1,2,0,1,0,-1,2
GAZP,2025-06-14,ЛОНГ,4,125.5,0.33,True,0.95,True,1.62,True,1,-1,1,0,2,0,1,0,-1,1
GAZP,2025-06-16,ЛОНГ,5,123.05,1.0,True,3.6,True,-1.64,False,0,2,1,0,2,0,0,0,0,0
GAZP,2025-06-17,ЛОНГ,4,127.17,-1.6,False,-0.06,False,-5.9,False,1,1,-1,0,2,0,1,0,-1,1
GAZP,2025-06-25,ЛОНГ,3,126.35,2.8,True,1.07,True,-3.74,False,0,1,-1,0,2,1,0,0,0,0
GAZP,2025-07-08,ЛОНГ,3,121.03,-3.85,False,4.73,True,1.51,True,1,1,-1,0,0,0,1,0,0,1
GAZP,2025-07-30,ШОРТ,-3,121.34,7.23,False,14.88,False,9.41,False,0,-2,-1,0,0,0,0,0,0,0
GAZP,2025-08-11,ШОРТ,-3,140.0,-1.33,True,-6.34,True,-2.59,True,-2,1,-1,1,0,0,-2,1,0,-1
GAZP,2025-08-12,ШОРТ,-4,140.8,-1.89,True,-5.85,True,-4.18,True,-2,1,1,0,0,0,-2,-1,1,-2
GAZP,2025-08-29,ШОРТ,-3,135.88,-2.72,True,-1.77,True,-9.65,True,0,-1,1,1,-2,-1,0,0,-1,0
GAZP,2025-09-14,ЛОНГ,3,126.19,-4.56,False,-4.79,False,-5.56,False,1,-1,1,0,0,0,2,0,-1,1
GAZP,2025-09-15,ЛОНГ,3,124.07,-3.68,False,-3.19,False,-4.3,False,1,-1,1,0,0,0,1,0,-1,2
GAZP,2025-09-17,ЛОНГ,3,125.0,-4.88,False,-6.36,False,-6.54,False,1,-1,1,0,0,0,2,0,-1,1
GAZP,2025-09-23,ЛОНГ,3,117.11,2.3,True,-1.72,False,-1.08,False,2,-1,1,0,0,0,1,-1,-1,2
GAZP,2025-10-09,ЛОНГ,3,116.83,-1.34,False,7.59,True,-0.62,False,1,1,-1,0,2,0,1,-1,-1,1
GAZP,2025-10-10,ЛОНГ,3,115.18,-0.04,False,9.41,True,0.89,True,0,1,-1,0,2,0,0,1,0,0
GAZP,2025-10-11,ЛОНГ,3,115.71,7.48,True,4.49,True,1.56,True,1,1,-1,0,2,0,0,0,0,0
GAZP,2025-10-19,ШОРТ,-4,125.7,-6.97,True,-7.63,True,-5.22,True,-1,1,-1,-1,0,0,-2,0,1,-1
GAZP,2025-10-20,ШОРТ,-3,126.02,-8.62,True,-7.79,True,-5.35,True,-1,1,-1,-1,0,0,-1,0,1,-1
GAZP,2025-10-21,ШОРТ,-3,120.9,-3.7,True,-2.8,True,-2.27,True,-1,1,-1,0,0,0,-1,0,1,-2
GAZP,2025-11-17,ШОРТ,-3,118.14,6.65,False,7.86,False,10.29,False,0,-2,-1,0,0,0,0,0,0,0
GAZP,2025-11-21,ШОРТ,-3,127.06,0.5,False,-1.61,True,1.62,False,-2,1,-1,0,0,0,-2,1,1,-1
GAZP,2025-11-24,ШОРТ,-4,126.0,1.13,False,-0.54,True,3.58,False,-1,1,-1,0,0,0,-2,-1,1,-1
GAZP,2025-12-10,ШОРТ,-4,128.32,0.62,False,-0.6,True,-2.31,True,-1,-1,1,-1,-2,0,0,0,0,0
GAZP,2025-12-13,ШОРТ,-4,128.14,0.48,False,-2.2,True,-4.63,True,0,-2,1,-1,-2,0,0,0,0,0
GAZP,2025-12-14,ШОРТ,-3,127.88,-0.33,True,-2.22,True,-3.64,True,0,-1,1,-1,-2,0,0,0,0,0
GAZP,2025-12-15,ШОРТ,-4,129.12,-1.22,True,-3.81,True,-6.44,True,0,-1,1,-1,-2,-1,0,0,0,0
GAZP,2025-12-17,ШОРТ,-6,129.11,-3.49,True,-1.13,True,-5.92,True,-1,-1,1,-1,-2,0,-1,0,0,-1
GAZP,2025-12-18,ШОРТ,-4,128.76,-2.67,True,-0.72,True,-5.25,True,0,-1,1,-1,-2,-1,0,-1,1,0
GAZP,2025-12-19,ШОРТ,-3,127.46,-1.9,True,-1.7,True,-3.0,True,0,-1,1,-1,-2,0,0,0,0,0
GAZP,2025-12-20,ШОРТ,-4,127.55,-2.63,True,-1.72,True,-3.18,True,0,-1,1,-1,-2,0,0,-1,0,0
GAZP,2025-12-21,ШОРТ,-3,127.25,0.09,False,-2.77,True,-2.67,True,0,-1,1,-1,-2,0,0,0,0,0
GAZP,2026-01-15,ЛОНГ,4,122.0,1.16,True,4.26,True,3.93,True,1,-1,1,0,0,0,1,1,-1,2
GAZP,2026-01-29,ЛОНГ,3,129.35,-1.61,False,-3.11,False,-2.64,False,0,1,1,0,0,0,0,0,1,0
GAZP,2026-02-11,ЛОНГ,3,124.76,1.14,True,2.49,True,2.99,True,1,-1,1,0,0,0,2,0,-1,1
GAZP,2026-02-22,ШОРТ,-3,127.85,-0.64,True,-0.27,True,0.34,False,0,-2,-1,0,0,0,0,0,0,0
GAZP,2026-03-11,ЛОНГ,3,130.14,-1.43,False,1.18,True,2.96,True,0,1,1,0,0,0,-1,1,1,0
MTSS,2025-06-19,ЛОНГ,3,229.05,2.16,True,3.23,True,-15.85,False,0,2,1,-1,0,0,0,0,1,0
MTSS,2025-07-02,ШОРТ,-3,234.1,-16.3,True,-18.03,True,-9.93,True,-1,1,1,0,0,-1,-1,-1,0,-1
MTSS,2025-07-07,ЛОНГ,4,193.8,-0.54,False,4.33,True,7.95,True,1,-1,1,0,0,0,2,0,0,1
MTSS,2025-07-08,ЛОНГ,4,195.95,-2.07,False,6.48,True,5.51,True,2,-1,1,0,0,0,2,-1,-1,2
MTSS,2025-07-09,ЛОНГ,5,193.95,0.23,True,8.25,True,6.63,True,2,-1,1,0,0,0,2,1,-1,1
MTSS,2025-07-10,ЛОНГ,4,197.0,1.9,True,6.8,True,4.24,True,2,-1,1,0,0,0,2,0,-1,1
MTSS,2025-07-11,ЛОНГ,4,193.65,4.39,True,8.16,True,8.31,True,2,-1,1,0,0,0,1,0,-1,2
MTSS,2025-07-13,ЛОНГ,3,191.9,8.73,True,9.87,True,8.49,True,2,-1,1,0,0,0,1,0,-1,1
MTSS,2025-07-14,ЛОНГ,3,194.4,8.0,True,8.56,True,9.16,True,2,-1,1,0,0,0,1,0,-1,1
MTSS,2025-08-08,ШОРТ,-3,221.95,1.19,False,1.94,False,-1.76,True,-1,1,-1,0,0,0,-2,0,1,-1
MTSS,2025-08-11,ШОРТ,-3,220.35,1.09,False,1.57,False,-0.54,True,-1,1,-1,0,0,0,-2,0,1,-1
MTSS,2025-08-13,ШОРТ,-3,222.1,1.35,False,1.4,False,-1.69,True,-1,1,-1,0,0,0,-2,0,1,-1
MTSS,2025-08-17,ШОРТ,-4,222.8,0.94,False,0.54,False,0.96,False,-1,1,-1,0,0,0,-1,0,0,-2
MTSS,2025-08-26,ШОРТ,-4,224.0,-2.17,True,0.22,False,-5.47,True,0,-2,-1,0,0,0,0,-1,0,0
MTSS,2025-09-07,ШОРТ,-3,225.3,-5.19,True,-4.95,True,-7.88,True,0,-1,-1,0,0,0,0,0,0,-1
MTSS,2025-09-14,ЛОНГ,3,214.45,-2.96,False,-3.1,False,-5.46,False,1,-1,1,-1,0,0,2,0,0,1
MTSS,2025-09-27,ЛОНГ,3,208.0,-2.64,False,0.31,True,1.59,True,1,-1,1,0,0,0,0,0,0,2
MTSS,2025-10-03,ЛОНГ,3,201.0,1.84,True,-0.17,False,2.21,True,2,-1,1,0,0,0,1,0,-1,1
MTSS,2025-10-04,ЛОНГ,3,200.2,2.5,True,0.0,False,0.22,True,2,-1,1,0,0,0,1,0,-1,1
MTSS,2025-10-05,ЛОНГ,4,200.7,0.25,True,-0.22,False,-0.85,False,2,-1,1,0,0,0,1,0,-1,2
MTSS,2025-10-19,ШОРТ,-3,211.85,-5.29,True,-4.39,True,-3.71,True,-1,1,-1,0,0,0,-2,0,1,-1
MTSS,2025-11-05,ЛОНГ,3,204.5,0.54,True,-0.05,False,2.62,True,0,2,-1,0,2,0,0,0,0,0
MTSS,2025-11-08,ЛОНГ,3,205.85,-0.61,False,-0.19,False,3.59,True,0,1,-1,0,2,1,0,0,0,0
MTSS,2025-11-18,ШОРТ,-4,205.45,2.97,False,3.8,False,3.21,False,0,-2,-1,-1,0,0,0,0,0,0
MTSS,2025-11-21,ШОРТ,-4,210.7,0.76,False,0.76,False,3.27,False,-1,1,-1,-1,0,0,-2,0,1,-1
MTSS,2025-12-12,ШОРТ,-3,212.05,2.92,False,0.78,False,0.87,False,-1,-1,1,0,-2,0,-1,1,0,0
MTSS,2025-12-13,ШОРТ,-5,213.8,1.22,False,-0.35,True,0.02,False,0,-2,1,0,-2,-1,0,-1,0,0
MTSS,2025-12-16,ШОРТ,-4,217.9,-1.06,True,-2.59,True,-1.47,True,-1,-1,1,0,-2,0,-2,1,1,-1
MTSS,2025-12-20,ШОРТ,-3,215.3,-2.21,True,-0.65,True,3.79,False,0,-2,1,0,-2,0,0,0,0,0
MTSS,2025-12-23,ШОРТ,-3,213.05,-0.07,True,0.38,False,5.14,False,0,-1,1,0,-2,-1,0,0,0,0
MTSS,2025-12-30,ШОРТ,-3,213.9,0.98,False,4.46,False,7.18,False,0,-1,1,0,-2,0,0,-1,0,0
MTSS,2026-01-13,ЛОНГ,3,214.7,4.05,True,5.54,True,5.17,True,0,2,1,0,0,1,0,0,0,-1
MTSS,2026-01-19,ШОРТ,-3,221.7,2.26,False,2.35,False,0.56,False,-2,1,1,0,0,-1,-2,0,1,-1
MTSS,2026-01-23,ШОРТ,-3,226.6,0.2,False,-0.35,True,-0.86,True,-2,1,1,0,0,0,-1,-1,1,-2
MTSS,2026-02-05,ШОРТ,-5,224.55,-1.94,True,0.91,False,3.54,False,-1,-1,1,-1,-2,0,0,-1,0,0
MTSS,2026-02-06,ШОРТ,-3,223.5,-0.92,True,2.46,False,3.69,False,0,-1,1,-1,-2,0,0,-1,0,1
MTSS,2026-02-16,ШОРТ,-4,227.65,3.67,False,1.84,False,0.0,False,-1,-1,1,0,-2,0,-1,1,0,-1
MTSS,2026-02-17,ШОРТ,-3,226.6,4.48,False,2.6,False,-0.07,True,0,-1,1,0,-2,0,0,-1,0,0
MTSS,2026-02-20,ШОРТ,-4,234.75,-0.53,True,-1.36,True,-2.88,True,-1,1,1,0,-2,0,-2,0,0,-1
MTSS,2026-02-21,ШОРТ,-4,236.0,-1.76,True,-3.52,True,-3.28,True,-1,1,1,-1,-2,0,-2,0,1,-1
MTSS,2026-02-22,ШОРТ,-5,236.75,-1.8,True,-4.27,True,-4.31,True,-2,1,1,-1,-2,0,-2,0,1,-1
MTSS,2026-02-23,ШОРТ,-4,236.1,-1.84,True,-3.09,True,-3.01,True,-2,1,1,0,-2,0,-1,0,1,-2
VTBR,2025-06-16,ШОРТ,-4,96.69,7.8,False,10.8,False,-2.39,True,-1,1,1,-1,-2,0,-2,0,1,-1
VTBR,2025-06-17,ШОРТ,-3,97.85,8.79,False,9.64,False,-3.47,True,0,1,1,-1,-2,-1,0,-1,0,0
VTBR,2025-07-01,ШОРТ,-3,104.69,-4.34,True,-30.47,True,-21.63,True,-1,1,1,0,0,-1,0,-1,0,-2
VTBR,2025-07-10,ЛОНГ,3,93.46,-15.63,False,-11.3,False,-16.34,False,1,-1,1,0,0,0,1,0,-1,2
VTBR,2025-07-12,ЛОНГ,3,73.29,6.45,True,12.58,True,4.63,True,2,-1,1,0,0,0,2,-1,-1,1
VTBR,2025-07-15,ЛОНГ,4,78.85,5.14,True,6.02,True,0.95,True,2,-1,-1,0,0,1,1,1,-1,2
VTBR,2025-08-24,ЛОНГ,4,76.93,-2.31,False,-2.34,False,-1.21,False,1,1,-1,1,0,0,1,0,-1,2
VTBR,2025-08-26,ЛОНГ,5,76.4,-1.65,False,-1.18,False,-3.0,False,1,1,-1,0,2,0,1,0,-1,2
VTBR,2025-08-27,ЛОНГ,4,76.55,-2.3,False,-1.19,False,-4.68,False,1,1,-1,0,2,0,1,0,-1,1
VTBR,2025-08-28,ЛОНГ,3,75.9,-2.48,False,-0.29,False,-5.02,False,1,1,-1,0,2,0,1,0,-1,0
VTBR,2025-08-29,ЛОНГ,3,75.15,-0.03,False,0.11,True,-4.42,False,1,1,-1,0,2,-1,1,0,-1,1
VTBR,2025-08-31,ЛОНГ,3,75.14,0.48,True,-1.38,False,-5.59,False,2,-1,-1,0,2,0,1,0,-1,1
VTBR,2025-09-01,ЛОНГ,3,74.79,1.14,True,4.1,True,-6.07,False,1,-1,-1,0,2,0,1,0,-1,2
VTBR,2025-09-03,ЛОНГ,3,75.13,0.13,True,1.16,True,-6.87,False,2,-1,-1,0,2,0,1,-1,-1,2
VTBR,2025-09-05,ЛОНГ,3,75.5,-1.85,False,-1.84,False,-8.6,False,1,2,-1,0,0,0,0,1,0,0
VTBR,2025-09-19,ЛОНГ,3,71.54,-3.28,False,-5.0,False,-6.65,False,1,-1,-1,0,2,0,2,-1,-1,2
VTBR,2025-09-24,ЛОНГ,3,70.78,-3.65,False,-6.77,False,-4.99,False,2,-1,-1,0,2,0,1,0,-1,1
VTBR,2025-09-25,ЛОНГ,3,69.97,-2.59,False,-4.99,False,-3.49,False,1,-1,-1,0,2,0,1,0,-1,2
VTBR,2025-09-27,ЛОНГ,4,69.01,-2.2,False,-0.45,False,1.99,True,2,-1,-1,0,2,0,1,0,-1,2
VTBR,2025-09-28,ЛОНГ,3,69.0,-3.48,False,-4.29,False,3.51,True,2,-1,-1,0,2,0,1,0,-1,1
VTBR,2025-09-29,ЛОНГ,3,68.2,-3.24,False,-0.59,False,3.83,True,2,-1,-1,0,2,0,1,0,-1,1
VTBR,2025-09-30,ЛОНГ,3,68.16,-2.46,False,-1.7,False,3.71,True,2,-1,-1,0,2,0,1,0,-1,1
VTBR,2025-10-20,ШОРТ,-3,70.69,-6.52,True,-3.45,True,-2.14,True,0,1,-1,0,0,-1,-1,0,1,-2
VTBR,2025-10-29,ШОРТ,-3,67.83,2.33,False,3.14,False,5.94,False,0,-1,-1,-1,0,0,0,0,0,0
VTBR,2025-10-30,ШОРТ,-3,68.82,1.18,False,2.02,False,3.4,False,0,-1,-1,-1,0,0,0,0,0,0
VTBR,2025-11-16,ШОРТ,-3,68.71,3.57,False,6.03,False,5.78,False,0,-2,-1,0,0,0,0,0,0,0
VTBR,2025-11-24,ШОРТ,-4,71.29,2.23,False,1.22,False,1.14,False,-1,1,-1,0,0,0,-1,-1,1,-2
VTBR,2025-11-26,ШОРТ,-3,71.5,1.36,False,1.01,False,2.55,False,-1,1,-1,0,0,0,-2,0,1,-1
VTBR,2025-12-30,ШОРТ,-3,72.22,-1.22,True,-0.24,True,0.97,False,0,-1,1,-1,0,-1,0,-1,0,0
VTBR,2026-01-19,ЛОНГ,3,71.91,1.43,True,8.12,True,18.29,True,0,2,1,0,0,0,0,0,0,0
VTBR,2026-02-04,ШОРТ,-4,82.26,0.43,False,6.73,False,6.15,False,-2,1,1,0,0,0,-2,-1,1,-2
VTBR,2026-02-23,ШОРТ,-3,88.51,-2.55,True,-2.91,True,-2.33,True,-1,1,1,0,-2,0,-1,0,1,-2
VTBR,2026-02-24,ШОРТ,-5,87.38,-1.35,True,-1.56,True,-1.07,True,-1,-2,1,0,-2,-1,0,0,1,-1
VTBR,2026-02-25,ШОРТ,-3,88.1,-3.47,True,-2.3,True,-2.42,True,-1,-1,1,0,-2,0,0,0,0,0
VTBR,2026-02-27,ШОРТ,-3,86.92,-3.6,True,-1.18,True,-2.02,True,-1,-1,1,0,-2,0,0,0,0,0
NLMK,2025-06-14,ЛОНГ,3,111.94,-0.2,False,-1.41,False,2.61,True,1,-1,-1,0,2,0,1,0,-1,2
NLMK,2025-06-18,ЛОНГ,4,112.44,-2.17,False,0.32,True,-3.01,False,1,-1,-1,0,2,0,0,1,0,2
NLMK,2025-06-19,ЛОНГ,6,111.72,-1.22,False,3.2,True,-5.41,False,1,2,-1,0,2,0,0,1,0,1
NLMK,2025-06-20,ЛОНГ,3,110.28,-0.13,False,3.1,True,-3.72,False,1,1,-1,0,2,-1,0,0,0,1
NLMK,2025-06-23,ЛОНГ,4,108.8,1.32,True,5.2,True,-2.52,False,1,1,-1,0,2,0,1,0,-1,1
NLMK,2025-06-24,ЛОНГ,5,109.12,1.03,True,5.41,True,0.88,True,1,1,-1,0,2,0,1,0,-1,2
NLMK,2025-06-25,ЛОНГ,4,110.0,2.55,True,4.45,True,0.98,True,1,1,-1,0,2,0,1,0,-1,1
NLMK,2025-06-26,ЛОНГ,4,110.36,4.48,True,4.08,True,0.87,True,1,2,-1,0,2,0,0,0,0,0
NLMK,2025-06-27,ЛОНГ,3,110.14,3.23,True,1.33,True,-0.13,False,1,1,-1,0,2,0,0,0,0,0
NLMK,2025-07-01,ЛОНГ,3,115.3,-0.38,False,-8.34,False,1.28,True,0,1,-1,1,2,0,0,1,0,-1
NLMK,2025-07-07,ШОРТ,-3,111.6,-4.86,True,-1.43,True,0.57,False,0,1,-1,0,0,-1,-1,0,1,-2
NLMK,2025-07-09,ЛОНГ,5,109.22,0.79,True,4.18,True,0.95,True,1,1,-1,0,2,0,1,0,0,1
NLMK,2025-08-11,ШОРТ,-4,128.12,-0.08,True,-5.17,True,-6.85,True,-2,1,-1,0,0,0,-2,1,0,-1
NLMK,2025-08-12,ШОРТ,-4,128.1,-0.06,True,-4.61,True,-8.96,True,-2,1,-1,-1,0,0,-2,1,1,-1
NLMK,2025-08-13,ШОРТ,-6,127.26,2.78,False,-3.85,True,-8.94,True,-2,1,-1,0,0,-1,-2,0,1,-2
NLMK,2025-08-14,ШОРТ,-3,130.4,-1.4,True,-6.83,True,-9.36,True,-2,1,-1,0,0,0,-1,0,1,-1
NLMK,2025-09-17,ЛОНГ,3,114.24,-4.97,False,-7.37,False,-8.95,False,1,-1,1,0,0,0,1,0,-1,2
NLMK,2025-09-22,ЛОНГ,3,109.64,-1.86,False,-6.88,False,-7.59,False,2,-1,1,0,0,0,2,-1,-1,1
NLMK,2025-09-23,ЛОНГ,4,108.14,-1.26,False,-6.97,False,-7.53,False,1,-1,1,0,0,0,1,1,-1,2
NLMK,2025-09-30,ЛОНГ,3,104.12,-2.57,False,-3.03,False,0.21,True,2,-1,1,0,0,0,1,0,-1,1
NLMK,2025-10-01,ЛОНГ,3,102.58,0.21,True,-1.29,False,-0.88,False,2,-1,1,0,0,0,1,0,-1,1
NLMK,2025-10-02,ЛОНГ,3,102.1,3.45,True,-0.76,False,-2.39,False,2,-1,1,0,0,0,1,0,-1,1
NLMK,2025-10-03,ЛОНГ,3,100.6,-0.12,False,-0.6,False,-1.21,False,2,-1,1,0,0,0,1,0,-1,1
NLMK,2025-10-04,ЛОНГ,3,100.36,3.65,True,-2.41,False,-3.17,False,2,-1,1,0,0,0,1,0,-1,1
NLMK,2025-11-08,ЛОНГ,3,100.32,-0.06,False,-0.82,False,6.18,True,0,1,-1,0,2,1,0,0,0,0
NLMK,2025-11-21,ШОРТ,-4,105.06,0.57,False,0.02,False,2.78,False,-1,1,-1,-1,0,0,-2,1,0,-1
NLMK,2025-11-24,ШОРТ,-4,103.62,2.01,False,1.35,False,5.96,False,0,1,-1,-1,0,0,-2,-1,1,-1
NLMK,2025-11-26,ШОРТ,-3,105.6,2.27,False,0.87,False,2.8,False,-1,1,-1,-1,0,0,-2,1,1,-1
NLMK,2025-12-08,ЛОНГ,4,106.52,0.34,True,1.92,True,-0.15,False,0,1,1,0,0,1,0,0,1,0
NLMK,2025-12-11,ЛОНГ,3,108.56,1.14,True,-0.64,False,-2.54,False,0,1,1,0,0,0,0,0,1,0
NLMK,2025-12-14,ШОРТ,-4,106.14,1.56,False,-1.73,True,-1.62,True,0,-2,-1,-1,0,0,0,0,0,0
NLMK,2025-12-20,ШОРТ,-5,108.18,-3.94,True,-1.35,True,-2.18,True,0,-2,1,-1,-2,0,0,-1,0,0
NLMK,2025-12-21,ШОРТ,-3,107.86,-1.78,True,-1.91,True,-1.89,True,0,-1,1,-1,-2,0,0,0,0,0
NLMK,2025-12-22,ШОРТ,-3,105.02,1.29,False,0.63,False,0.72,False,0,-1,1,-1,-2,0,0,0,0,0
NLMK,2025-12-25,ШОРТ,-3,103.92,2.69,False,1.19,False,3.5,False,0,-1,-1,-1,-2,0,1,0,0,1
NLMK,2026-01-19,ЛОНГ,4,105.78,2.04,True,8.7,True,3.86,True,0,2,1,1,0,0,0,0,0,0
MAGN,2025-06-25,ШОРТ,-4,31.95,7.45,False,5.24,False,3.32,False,0,-2,-1,-1,0,0,0,0,0,0
MAGN,2025-06-28,ШОРТ,-4,33.03,3.09,False,-1.56,True,5.37,False,-1,1,-1,-1,0,0,-2,0,1,-1
MAGN,2025-06-29,ШОРТ,-3,32.99,2.02,False,0.65,False,6.05,False,0,1,-1,-1,0,0,-1,0,1,-2
MAGN,2025-07-01,ШОРТ,-3,33.86,-0.96,True,-7.41,True,2.36,False,-1,1,-1,-1,0,0,-2,1,1,-1
MAGN,2025-07-02,ШОРТ,-3,33.8,-3.33,True,-6.27,True,2.86,False,-1,1,-1,-1,0,0,-1,-1,1,0
MAGN,2025-07-03,ШОРТ,-3,34.05,-4.51,True,-7.87,True,0.56,False,-1,1,-1,-1,0,0,-1,-1,1,0
MAGN,2025-07-20,ШОРТ,-3,35.09,-6.47,True,-7.67,True,0.97,False,-1,1,1,0,-2,0,-1,0,0,-1
MAGN,2025-07-21,ШОРТ,-4,34.66,-5.31,True,-5.11,True,4.28,False,-1,1,1,0,-2,0,-1,0,0,-2
MAGN,2025-07-22,ШОРТ,-3,34.77,-5.87,True,-5.64,True,3.47,False,-1,1,1,-1,-2,0,-1,0,1,-1
MAGN,2025-07-23,ШОРТ,-4,34.24,-4.78,True,-3.34,True,1.74,False,-1,1,1,-1,-2,0,-1,0,0,-1
MAGN,2025-07-26,ШОРТ,-4,32.82,0.21,False,4.69,False,8.29,False,0,-2,1,-1,-2,0,0,0,0,0
MAGN,2025-07-27,ШОРТ,-3,32.73,0.24,False,7.96,False,6.05,False,0,-1,1,-1,-2,0,0,0,0,0
MAGN,2025-07-28,ШОРТ,-3,32.6,1.5,False,13.68,False,3.36,False,0,-1,1,-1,-2,0,0,0,0,0
MAGN,2025-09-10,ЛОНГ,3,33.2,-4.88,False,-8.36,False,-19.13,False,0,2,1,0,0,0,0,0,0,0
MAGN,2025-09-13,ЛОНГ,3,31.79,-2.75,False,-7.5,False,-16.89,False,1,-1,1,1,0,0,2,-1,-1,1
MAGN,2025-09-14,ЛОНГ,4,32.08,-6.44,False,-8.35,False,-15.84,False,1,-1,1,1,0,0,2,0,-1,1
MAGN,2025-09-15,ЛОНГ,5,31.58,-3.66,False,-6.65,False,-13.24,False,1,-1,1,1,0,1,1,0,-1,2
MAGN,2025-09-16,ЛОНГ,4,31.48,-5.72,False,-6.37,False,-17.25,False,1,-1,1,1,0,0,2,0,-1,1
MAGN,2025-09-23,ЛОНГ,3,29.68,-0.69,False,-11.88,False,-11.81,False,2,-1,-1,0,0,0,1,1,-1,2
MAGN,2025-10-15,ЛОНГ,3,25.08,8.47,True,-3.83,False,-0.3,False,2,1,-1,0,0,0,1,0,-1,1
MAGN,2025-10-24,ЛОНГ,4,25.07,-1.72,False,-0.54,False,-2.69,False,1,1,-1,-1,2,1,1,0,0,0
MAGN,2025-10-27,ЛОНГ,4,24.12,2.24,True,3.67,True,2.65,True,1,1,-1,-1,2,0,1,0,0,1
MAGN,2025-10-29,ЛОНГ,3,24.93,-1.02,False,0.44,True,4.87,True,1,-1,-1,0,2,0,1,0,-1,2
MAGN,2025-11-05,ЛОНГ,6,24.68,1.48,True,0.77,True,5.17,True,1,2,-1,0,2,0,0,0,0,2
MAGN,2025-11-06,ЛОНГ,3,24.68,5.45,True,0.61,True,7.7,True,1,1,-1,0,2,0,0,0,-1,1
MAGN,2025-11-07,ЛОНГ,3,24.93,3.05,True,-2.17,False,6.74,True,1,1,-1,0,2,0,0,0,-1,1
MAGN,2025-11-08,ЛОНГ,3,25.0,0.92,True,-0.98,False,7.46,True,0,1,-1,0,2,1,0,0,0,0
MAGN,2025-11-21,ШОРТ,-3,26.16,1.59,False,-0.73,True,4.7,False,0,1,-1,-1,0,0,-2,1,0,-1
MAGN,2025-12-12,ШОРТ,-3,26.95,5.98,False,3.08,False,4.49,False,-1,1,-1,0,0,0,-1,0,1,-2
MAGN,2025-12-25,ШОРТ,-3,27.89,2.35,False,0.84,False,1.56,False,0,-2,-1,0,0,0,0,0,0,0
MAGN,2026-01-14,ЛОНГ,3,27.25,4.02,True,4.33,True,17.25,True,0,-1,1,1,0,0,2,0,-1,1
MAGN,2026-01-15,ЛОНГ,3,27.71,2.98,True,2.58,True,13.04,True,0,-1,1,1,0,0,2,0,-1,1
MAGN,2026-01-24,ЛОНГ,3,28.43,9.11,True,12.38,True,15.65,True,0,1,1,1,0,0,0,0,0,0
MAGN,2026-02-12,ЛОНГ,3,31.75,1.59,True,-0.19,False,-7.02,False,-1,2,1,0,0,0,0,1,1,-1
MAGN,2026-02-20,ШОРТ,-5,32.34,-0.77,True,-3.96,True,-7.44,True,-1,-2,1,-1,-2,0,0,0,0,0
MAGN,2026-02-21,ШОРТ,-4,32.28,-3.21,True,-3.62,True,-7.39,True,-1,-1,1,-1,-2,0,0,0,0,0
MAGN,2026-02-22,ШОРТ,-4,32.3,-2.43,True,-4.86,True,-8.13,True,-1,-1,1,-1,-2,0,0,0,0,0
MAGN,2026-02-23,ШОРТ,-4,32.26,-3.58,True,-6.84,True,-9.64,True,-1,-1,1,-1,-2,0,0,0,0,0
MAGN,2026-02-24,ШОРТ,-4,31.68,-1.78,True,-6.85,True,-8.62,True,-1,-1,1,-1,-2,0,0,0,0,0
MAGN,2026-02-25,ШОРТ,-3,32.09,-3.21,True,-7.26,True,-9.04,True,0,-1,1,-1,-2,0,0,0,0,0
MAGN,2026-02-26,ШОРТ,-3,31.25,-0.43,True,-3.22,True,-8.03,True,0,-1,1,-1,-2,0,0,0,0,0
MAGN,2026-03-06,ЛОНГ,3,29.52,1.05,True,-1.9,False,-12.52,False,1,-1,1,0,0,0,2,0,-1,1
MAGN,2026-03-09,ЛОНГ,3,29.76,0.59,True,-1.92,False,-14.05,False,1,-1,1,0,0,0,2,0,-1,1
SNGSP,2025-06-15,ШОРТ,-3,51.9,-1.01,True,2.57,False,0.84,False,0,-1,-1,-1,0,0,0,0,0,0
SNGSP,2025-06-29,ШОРТ,-3,53.6,-0.66,True,-3.96,True,-12.93,True,-1,1,-1,0,0,0,-2,0,1,-1
SNGSP,2025-06-30,ШОРТ,-3,53.59,-0.35,True,-4.46,True,-12.68,True,-1,1,-1,0,0,0,-1,0,1,-2
SNGSP,2025-07-01,ШОРТ,-3,54.3,-1.86,True,-7.12,True,-15.22,True,-1,1,-1,0,0,0,-1,-1,1,-1
SNGSP,2025-07-08,ШОРТ,-3,51.55,-1.85,True,-10.01,True,-12.32,True,0,-2,-1,0,0,0,0,0,0,0
SNGSP,2025-07-11,ЛОНГ,3,50.44,4.08,True,-8.72,False,-11.52,False,1,-1,1,0,0,0,1,0,0,1
SNGSP,2025-07-19,ЛОНГ,3,46.67,-2.61,False,-3.17,False,-0.72,False,2,-1,-1,0,0,0,2,1,-1,1
SNGSP,2025-08-04,ЛОНГ,6,45.08,2.61,True,0.37,True,-1.91,False,2,2,-1,0,2,0,0,0,-1,2
SNGSP,2025-08-05,ЛОНГ,3,45.06,2.82,True,0.27,True,-1.9,False,1,1,-1,0,2,0,0,0,0,0
SNGSP,2025-08-06,ЛОНГ,3,45.3,1.37,True,0.62,True,-3.52,False,1,1,-1,0,2,0,0,0,0,0
SNGSP,2025-08-07,ЛОНГ,3,45.41,0.56,True,-0.39,False,-4.49,False,1,1,-1,0,2,0,0,0,0,0
SNGSP,2025-08-08,ЛОНГ,3,45.89,-0.97,False,-2.08,False,-5.38,False,1,1,-1,0,2,0,0,0,0,0
SNGSP,2025-08-17,ЛОНГ,3,45.19,-1.36,False,-2.16,False,-4.86,False,1,1,-1,0,2,0,0,0,0,0
SNGSP,2025-08-18,ЛОНГ,3,45.58,-2.11,False,-4.11,False,-5.59,False,1,1,-1,0,2,0,0,0,0,0
SNGSP,2025-08-22,ЛОНГ,5,44.57,-0.81,False,-2.73,False,0.94,True,1,1,-1,0,2,0,1,0,0,1
SNGSP,2025-08-23,ЛОНГ,5,44.62,-2.05,False,-5.29,False,-1.33,False,1,1,-1,0,2,0,1,0,-1,2
SNGSP,2025-08-24,ЛОНГ,4,44.56,-2.68,False,-5.41,False,-1.47,False,1,1,-1,0,2,0,1,0,-1,1
SNGSP,2025-08-25,ЛОНГ,3,44.24,-1.85,False,-3.07,False,-0.54,False,1,1,-1,0,2,-1,1,0,-1,1
SNGSP,2025-08-26,ЛОНГ,4,44.22,-1.82,False,-2.89,False,-0.08,False,1,1,-1,0,2,0,1,0,-1,1
SNGSP,2025-08-27,ЛОНГ,4,44.21,-1.93,False,-2.76,False,0.26,True,1,1,-1,0,2,0,1,0,-1,1
SNGSP,2025-08-28,ЛОНГ,5,43.7,-3.31,False,-1.54,False,0.77,True,1,1,-1,0,2,0,1,0,-1,2
SNGSP,2025-09-10,ШОРТ,-3,45.55,-3.01,True,-5.3,True,-17.96,True,-1,1,-1,0,0,0,-2,1,0,-1
SNGSP,2025-09-11,ШОРТ,-3,44.99,-1.48,True,-6.87,True,-14.11,True,-1,1,-1,0,0,0,-1,1,0,-2
SNGSP,2025-09-24,ЛОНГ,3,41.87,-4.84,False,-7.93,False,-10.88,False,1,-1,-1,1,2,0,1,0,-1,1
SNGSP,2025-09-25,ЛОНГ,3,41.32,-5.42,False,-5.61,False,-10.7,False,1,-1,-1,1,2,0,1,0,-1,1
SNGSP,2025-09-26,ЛОНГ,3,40.83,-5.52,False,-4.43,False,-4.86,False,1,-1,-1,1,2,0,1,0,-1,1
SNGSP,2025-09-27,ЛОНГ,4,41.03,-8.92,False,-6.1,False,-2.85,False,2,-1,-1,1,2,0,1,0,-1,1
SNGSP,2025-09-28,ЛОНГ,3,40.88,-5.48,False,-7.27,False,-0.5,False,1,-1,-1,0,2,0,1,0,-1,2
SNGSP,2025-10-15,ЛОНГ,3,36.9,7.72,True,0.6,True,4.84,True,2,1,-1,0,0,0,1,0,-1,1
SNGSP,2025-10-16,ЛОНГ,3,38.84,1.29,True,-3.57,False,-0.28,False,2,1,-1,0,0,0,1,0,-1,1
SNGSP,2025-10-17,ЛОНГ,3,39.87,0.64,True,-5.53,False,-3.76,False,0,1,-1,0,2,0,0,1,0,0
SNGSP,2025-10-28,ЛОНГ,5,37.46,2.02,True,3.4,True,2.11,True,1,1,-1,0,2,0,1,0,0,1
SNGSP,2025-12-05,ШОРТ,-3,38.4,1.81,False,6.94,False,5.87,False,0,-2,-1,-1,0,0,0,0,0,1
SNGSP,2025-12-09,ЛОНГ,3,38.9,1.18,True,3.24,True,5.0,True,0,2,1,-1,0,0,0,1,0,0
SNGSP,2025-12-27,ЛОНГ,4,40.65,6.21,True,5.98,True,6.35,True,0,1,2,0,0,0,0,0,1,0
SNGSP,2026-01-08,ШОРТ,-3,42.59,0.55,False,-0.16,True,3.29,False,-2,1,1,0,0,0,-2,0,1,-2
SNGSP,2026-01-24,ШОРТ,-3,43.23,2.16,False,2.89,False,0.19,False,-1,-1,1,-1,-2,0,0,0,1,0
SNGSP,2026-01-25,ШОРТ,-3,43.33,1.53,False,2.15,False,-1.0,True,-1,-1,1,-1,-2,0,0,0,1,0
SNGSP,2026-01-26,ШОРТ,-3,43.23,2.21,False,1.04,False,-2.17,True,-1,-1,1,-1,-2,0,0,0,1,0
SNGSP,2026-01-28,ШОРТ,-6,44.66,-0.13,True,-0.76,True,-5.55,True,-1,-1,1,-1,-2,0,-2,0,1,-1
SNGSP,2026-01-29,ШОРТ,-3,44.16,0.71,False,0.09,False,-4.18,True,-2,2,1,-1,-2,0,-2,1,1,-1
SNGSP,2026-02-02,ШОРТ,-4,44.6,-0.63,True,-2.8,True,-5.45,True,-1,-2,1,0,-2,0,0,0,0,0
SNGSP,2026-02-04,ШОРТ,-5,44.26,-2.06,True,-3.08,True,0.08,False,-1,-2,1,0,-2,0,-1,0,1,-1
SNGSP,2026-02-05,ШОРТ,-3,43.68,-0.8,True,-3.18,True,4.1,False,-1,-1,1,0,-2,0,0,0,0,0
SNGSP,2026-02-18,ЛОНГ,3,42.5,0.09,True,10.14,True,10.62,True,1,-1,1,0,0,0,2,0,-1,1
SNGSP,2026-02-21,ЛОНГ,3,42.38,4.51,True,7.26,True,13.53,True,1,-1,1,0,0,0,1,0,-1,2
SNGSP,2026-03-02,ШОРТ,-3,46.9,0.09,False,1.81,False,-3.61,True,-2,1,1,0,0,-1,-2,0,1,-1
SNGSP,2026-03-04,ЛОНГ,3,46.3,0.08,True,2.54,True,-4.88,False,0,1,1,0,2,0,0,-1,0,0
SNGSP,2026-03-10,ЛОНГ,3,47.15,2.06,True,3.51,True,-9.35,False,-1,1,1,0,2,0,0,-1,1,0
SNGSP,2026-03-11,ЛОНГ,4,46.33,2.46,True,1.27,True,-9.81,False,-1,1,1,0,2,0,0,0,1,0
SNGSP,2026-03-12,ЛОНГ,3,47.02,3.36,True,-2.81,False,-11.26,False,0,1,1,0,2,-1,0,0,0,0
CBOM,2025-06-10,ЛОНГ,3,6.29,-0.64,False,0.48,True,9.03,True,1,1,-1,0,2,0,0,0,0,0
CBOM,2025-06-11,ЛОНГ,3,6.28,1.03,True,0.33,True,10.26,True,1,1,-1,0,2,0,0,0,0,0
CBOM,2025-06-14,ЛОНГ,3,6.21,1.87,True,3.19,True,11.38,True,1,1,-1,0,2,0,0,0,0,0
CBOM,2025-06-15,ЛОНГ,3,6.21,2.3,True,6.17,True,9.26,True,1,1,-1,0,2,0,0,0,0,0
CBOM,2025-06-17,ЛОНГ,3,6.35,-0.69,False,3.69,True,1.32,True,1,1,-1,1,0,1,0,0,0,0
CBOM,2025-07-01,ШОРТ,-3,6.67,3.83,False,-1.02,True,10.38,False,-1,1,-1,0,0,0,-2,0,1,-1
CBOM,2025-07-03,ШОРТ,-3,6.86,-2.92,True,-3.59,True,8.45,False,-1,1,-1,0,0,0,-2,0,1,-1
CBOM,2025-07-04,ШОРТ,-3,6.93,-7.16,True,-1.49,True,5.87,False,-1,1,-1,0,0,0,-2,0,1,-1
CBOM,2025-07-05,ШОРТ,-3,6.93,-4.59,True,-0.74,True,3.54,False,-1,1,-1,0,0,0,-2,0,1,-1
CBOM,2025-07-07,ШОРТ,-4,6.79,-3.45,True,-0.31,True,7.8,False,-1,1,-1,0,0,-1,-1,0,1,-2
CBOM,2025-07-10,ШОРТ,-4,6.61,4.04,False,6.91,False,7.47,False,0,-2,-1,0,0,0,0,-1,0,0
CBOM,2025-07-19,ШОРТ,-3,7.05,4.1,False,2.11,False,18.83,False,-1,1,-1,0,0,0,-1,0,0,-1
CBOM,2025-07-20,ШОРТ,-5,7.07,1.5,False,0.52,False,17.1,False,-1,1,-1,-1,-2,0,-1,0,1,-1
CBOM,2025-07-21,ШОРТ,-5,7.36,-1.88,True,-0.33,True,11.23,False,-1,1,-1,-1,-2,1,-1,0,1,-2
CBOM,2025-07-22,ШОРТ,-3,7.54,-3.0,True,-3.98,True,11.55,False,-2,1,-1,0,0,0,-2,1,1,-1
CBOM,2025-07-23,ШОРТ,-3,7.44,-3.31,True,-3.24,True,10.24,False,-2,1,-1,0,0,0,-2,1,1,-1
CBOM,2025-07-24,ШОРТ,-3,7.34,-1.91,True,1.01,False,12.1,False,-1,1,-1,0,0,0,-1,0,1,-2
CBOM,2025-08-01,ШОРТ,-3,7.24,11.88,False,16.17,False,7.87,False,-1,-1,1,0,-2,0,0,0,0,0
CBOM,2025-08-05,ШОРТ,-3,7.41,13.01,False,10.99,False,10.13,False,0,-1,1,-1,-2,0,0,0,0,0
CBOM,2025-08-08,ШОРТ,-4,8.1,3.84,False,2.67,False,-1.2,True,-2,1,1,-1,-2,0,-2,1,1,-1
CBOM,2025-08-11,ШОРТ,-5,8.05,1.88,False,0.38,False,-0.42,True,-2,1,1,-1,-2,0,-2,1,1,-2
CBOM,2025-08-12,ШОРТ,-4,8.37,-1.79,True,-3.92,True,-5.46,True,-2,1,1,0,-2,0,-2,-1,1,0
CBOM,2025-09-14,ЛОНГ,3,7.83,-5.87,False,-5.77,False,-6.93,False,0,-1,1,1,0,0,1,0,0,1
CBOM,2025-09-17,ЛОНГ,3,7.52,-6.08,False,-5.55,False,-7.29,False,1,-1,1,1,0,0,2,-1,-1,1
CBOM,2025-09-18,ЛОНГ,4,7.3,-3.17,False,-1.48,False,-8.4,False,1,-1,1,1,0,0,1,0,-1,2
CBOM,2025-09-22,ЛОНГ,4,7.39,-0.72,False,-3.74,False,-9.0,False,1,-1,1,0,0,0,1,1,-1,2
CBOM,2025-09-25,ЛОНГ,3,7.07,1.74,True,-1.63,False,-10.11,False,2,-1,1,0,0,-1,2,-1,-1,2
CBOM,2025-09-26,ЛОНГ,3,7.38,-7.03,False,-1.23,False,-7.72,False,2,-1,1,0,0,0,1,0,-1,1
CBOM,2025-10-07,ЛОНГ,4,7.16,-6.12,False,-0.11,False,-7.77,False,0,2,1,1,0,0,0,0,0,0
CBOM,2025-10-09,ЛОНГ,3,6.97,-8.39,False,3.33,True,-6.27,False,1,-2,-1,1,2,0,2,0,-1,1
CBOM,2025-10-10,ЛОНГ,4,6.68,-4.97,False,8.86,True,-1.47,False,0,2,-1,1,2,0,0,1,-1,0
CBOM,2025-10-12,ЛОНГ,3,6.72,6.4,True,4.39,True,-0.91,False,1,-1,-1,1,2,0,1,0,-1,1
CBOM,2025-10-13,ЛОНГ,4,6.55,10.23,True,2.79,True,0.4,True,1,-1,-1,1,2,0,1,0,-1,2
CBOM,2025-10-15,ЛОНГ,4,6.35,14.55,True,2.68,True,5.72,True,1,-1,-1,1,2,0,2,0,-1,1
CBOM,2025-10-16,ЛОНГ,3,6.81,4.55,True,-3.05,False,-0.73,False,1,-1,-1,1,2,0,1,0,-1,1
CBOM,2025-10-17,ЛОНГ,3,7.15,-1.89,False,-7.66,False,-3.83,False,0,-1,-1,1,2,1,0,1,0,0
CBOM,2025-10-18,ЛОНГ,4,7.22,-6.75,False,-7.26,False,-2.62,False,0,2,-1,1,2,0,0,1,0,-1
CBOM,2025-11-01,ШОРТ,-3,6.58,1.96,False,6.68,False,20.64,False,0,-1,-1,0,0,0,0,0,-1,0
CBOM,2025-11-21,ШОРТ,-3,8.27,-0.88,True,-4.58,True,-10.04,True,-2,1,-1,0,0,0,-2,1,1,-1
CBOM,2025-11-24,ШОРТ,-3,8.04,0.86,False,-2.09,True,-8.06,True,-2,1,-1,0,0,0,-2,1,1,-1
CBOM,2025-11-25,ШОРТ,-3,7.94,3.12,False,3.97,False,-9.3,True,-2,1,-1,0,0,0,-1,-1,1,0
CBOM,2025-12-21,ЛОНГ,3,6.79,-6.62,False,-10.77,False,-5.16,False,1,-1,1,0,0,0,1,0,-1,2
CBOM,2025-12-24,ЛОНГ,3,6.5,-5.31,False,-5.98,False,-3.63,False,2,-1,1,0,0,0,1,0,-1,1
CBOM,2025-12-25,ЛОНГ,3,6.34,-4.34,False,-3.63,False,-1.45,False,2,-1,1,0,0,0,1,0,-1,1
CBOM,2025-12-26,ЛОНГ,3,6.34,-4.45,False,-3.53,False,-1.12,False,2,-1,1,0,0,0,1,0,-1,1
CBOM,2025-12-28,ЛОНГ,3,6.37,-4.71,False,-1.62,False,-1.37,False,2,-1,1,0,0,0,1,0,-1,1
CBOM,2026-01-06,ЛОНГ,4,6.05,1.46,True,4.91,True,1.8,True,2,-1,1,0,0,0,1,0,-1,2
CBOM,2026-01-08,ЛОНГ,3,6.07,3.24,True,2.65,True,0.46,True,2,-1,1,0,0,0,1,0,-1,1
CBOM,2026-01-12,ЛОНГ,3,6.11,4.88,True,2.26,True,0.13,True,2,-1,1,0,0,0,0,0,0,1
CBOM,2026-01-13,ЛОНГ,3,6.11,5.28,True,2.5,True,0.36,True,2,-1,1,0,0,0,0,0,0,1
CBOM,2026-01-14,ЛОНГ,3,6.14,3.41,True,1.63,True,0.86,True,2,-1,1,0,0,0,0,0,0,1
CBOM,2026-02-08,ЛОНГ,3,6.13,-0.62,False,-0.65,False,-4.52,False,1,1,-1,0,2,0,0,0,0,0
CBOM,2026-02-10,ЛОНГ,3,6.01,4.59,True,1.75,True,-6.4,False,1,1,-1,0,2,0,0,0,-1,1
CBOM,2026-02-11,ЛОНГ,5,6.07,1.55,True,0.74,True,-5.3,False,1,1,-1,0,2,0,2,0,-1,1
CBOM,2026-03-05,ЛОНГ,4,5.75,-1.39,False,-0.28,False,-3.97,False,2,-1,-1,0,0,0,2,1,-1,2
FLOT,2025-07-16,ШОРТ,-3,80.41,0.12,False,2.6,False,5.04,False,-1,1,-1,0,0,0,-2,1,0,-1
FLOT,2025-08-12,ШОРТ,-4,88.57,2.0,False,0.98,False,-1.3,True,-1,1,1,-1,-2,0,-2,-1,1,0
FLOT,2025-08-13,ШОРТ,-3,87.37,4.61,False,2.6,False,-1.22,True,-2,1,1,-1,0,0,-2,0,1,-1
FLOT,2025-08-15,ШОРТ,-4,93.1,-3.4,True,-5.16,True,-7.97,True,-2,1,1,-1,-2,0,-2,1,1,-1
FLOT,2025-09-14,ЛОНГ,4,84.86,-3.15,False,-4.73,False,-7.54,False,1,-1,1,1,0,0,2,0,-1,1
FLOT,2025-09-18,ЛОНГ,3,82.44,-1.04,False,-3.58,False,-8.49,False,1,-1,1,1,0,0,1,0,-1,1
FLOT,2025-09-22,ЛОНГ,3,83.47,-3.29,False,-7.31,False,-9.5,False,1,-1,1,1,0,0,1,-1,-1,2
FLOT,2025-09-23,ЛОНГ,4,80.7,-0.29,False,-5.19,False,-6.67,False,1,-1,1,1,0,1,1,0,0,0
FLOT,2025-09-24,ЛОНГ,4,82.94,-3.38,False,-8.51,False,-11.02,False,1,-1,1,1,0,0,2,0,-1,1
FLOT,2025-09-30,ЛОНГ,3,79.49,-4.39,False,-5.09,False,0.39,True,1,-1,1,0,0,0,1,0,-1,2
FLOT,2025-10-03,ЛОНГ,3,76.51,-0.42,False,-1.56,False,-2.4,False,2,-1,1,0,0,0,1,0,-1,1
FLOT,2025-10-04,ЛОНГ,4,75.88,1.45,True,-2.74,False,-2.21,False,2,-1,1,0,0,0,2,0,-1,1
FLOT,2025-10-05,ЛОНГ,4,76.0,-0.74,False,-4.05,False,-5.58,False,2,-1,1,0,0,-1,2,0,-1,2
FLOT,2025-10-06,ЛОНГ,3,78.46,-3.9,False,0.2,True,-6.23,False,2,-1,1,0,0,0,1,0,-1,1
FLOT,2025-10-24,ЛОНГ,3,74.2,-0.86,False,1.67,True,-4.45,False,1,1,-1,-1,2,1,0,0,0,0
FLOT,2025-10-27,ЛОНГ,3,71.76,3.23,True,5.28,True,2.06,True,1,1,-1,-1,2,0,0,0,0,1
FLOT,2025-11-05,ЛОНГ,3,74.3,1.25,True,-3.53,False,1.14,True,0,2,-1,0,2,0,0,0,0,0
FLOT,2025-11-16,ЛОНГ,3,71.29,9.75,True,10.48,True,12.08,True,1,-1,-1,-1,2,0,1,0,0,2
FLOT,2025-11-20,ЛОНГ,4,78.35,-4.08,False,1.11,True,1.03,True,0,2,-1,0,2,0,0,1,0,0
FLOT,2025-12-24,ШОРТ,-3,77.43,-1.52,True,-4.11,True,-0.85,True,0,-1,-1,1,-2,0,1,0,-1,0
FLOT,2026-01-08,ЛОНГ,3,73.24,1.91,True,3.19,True,8.21,True,1,-1,1,0,0,0,1,0,-1,2
FLOT,2026-01-18,ЛОНГ,3,75.3,3.19,True,5.39,True,1.49,True,0,2,1,0,0,0,0,0,0,0
FLOT,2026-01-21,ЛОНГ,3,76.77,1.58,True,2.92,True,-2.83,False,0,1,1,0,0,1,0,0,0,0
FLOT,2026-02-05,ЛОНГ,3,78.55,-5.03,False,-3.65,False,-2.84,False,0,1,1,0,0,0,0,1,0,0
FLOT,2026-02-19,ШОРТ,-3,76.28,-0.94,True,3.21,False,18.76,False,0,-1,-1,0,0,-1,0,0,0,0
FLOT,2026-02-21,ШОРТ,-3,76.01,0.01,False,2.51,False,19.22,False,0,-1,-1,0,0,0,0,0,-1,0
FLOT,2026-02-22,ШОРТ,-3,76.09,0.3,False,0.87,False,17.28,False,0,-1,-1,0,0,0,0,0,-1,0
FLOT,2026-02-23,ШОРТ,-3,76.5,2.88,False,3.44,False,17.15,False,0,-1,-1,0,0,0,0,0,-1,0
FLOT,2026-02-25,ШОРТ,-3,76.1,3.02,False,10.66,False,21.33,False,0,-1,-1,0,0,0,0,0,-1,0
FLOT,2026-02-27,ШОРТ,-3,76.32,0.56,False,15.11,False,16.5,False,0,-1,-1,0,0,0,0,0,-1,0
FLOT,2026-03-02,ШОРТ,-3,78.4,7.41,False,15.17,False,8.25,False,-1,1,1,-1,0,-1,-2,0,1,-1
FLOT,2026-03-03,ШОРТ,-3,77.92,10.84,False,16.3,False,9.21,False,0,1,-1,-1,0,-1,-1,-1,1,0
TATN,2025-06-13,ЛОНГ,3,654.7,0.93,True,0.09,True,-2.0,False,2,-1,1,0,0,0,1,0,-1,1
TATN,2025-06-16,ЛОНГ,3,646.0,-0.54,False,3.58,True,-3.84,False,0,2,1,0,0,0,0,0,0,0
TATN,2025-06-30,ШОРТ,-3,670.1,-4.25,True,-6.91,True,-0.85,True,0,1,-1,-1,0,-1,0,0,1,-2
TATN,2025-07-02,ШОРТ,-3,646.3,-1.1,True,-5.82,True,3.13,False,0,1,-1,-1,0,-1,0,-1,0,0
TATN,2025-07-05,ШОРТ,-3,641.6,-2.77,True,-2.1,True,3.49,False,0,-2,-1,-1,0,0,1,0,0,0
TATN,2025-07-07,ШОРТ,-3,639.2,-4.77,True,-0.99,True,3.8,False,0,-1,-1,-1,0,0,0,0,0,0
TATN,2025-07-08,ШОРТ,-3,621.2,-1.92,True,6.23,False,4.68,False,0,-1,-1,0,0,-1,1,0,-1,0
TATN,2025-07-10,ЛОНГ,3,623.8,0.69,True,6.51,True,3.56,True,1,-1,-1,0,2,0,2,0,-1,1
TATN,2025-07-12,ЛОНГ,3,608.7,3.98,True,9.5,True,6.97,True,1,-1,-1,0,2,0,2,0,-1,1
TATN,2025-07-20,ШОРТ,-3,664.4,-0.06,True,-2.77,True,7.24,False,-1,1,-1,0,0,0,-1,0,0,-1
TATN,2025-07-21,ШОРТ,-3,660.9,0.59,False,-2.1,True,9.18,False,-1,1,-1,0,0,0,-1,0,0,-1
TATN,2025-07-22,ШОРТ,-3,666.5,-0.45,True,-2.31,True,8.84,False,0,1,-1,0,0,-1,-1,0,1,-2
TATN,2025-07-31,ШОРТ,-3,647.0,8.66,False,11.53,False,4.16,False,0,-2,-1,0,0,0,0,0,0,0
TATN,2025-08-05,ШОРТ,-3,668.7,8.15,False,5.7,False,-2.24,True,0,-1,-1,-1,0,0,0,0,0,0
TATN,2025-08-08,ШОРТ,-4,728.7,-0.45,True,-4.72,True,-10.2,True,-2,1,-1,-1,0,0,-2,1,1,-1
TATN,2025-08-30,ЛОНГ,3,654.4,0.15,True,0.44,True,-5.79,False,1,-1,1,0,0,0,1,0,-1,2
TATN,2025-08-31,ЛОНГ,3,657.4,1.05,True,-1.11,False,-5.1,False,1,-1,1,0,0,0,1,0,0,1
TATN,2025-09-08,ЛОНГ,3,658.7,-2.63,False,-5.81,False,-4.36,False,0,2,1,0,0,0,0,0,0,0
TATN,2025-09-12,ЛОНГ,5,645.5,-2.51,False,-2.84,False,-11.26,False,0,2,1,0,2,0,0,0,0,0
TATN,2025-09-14,ЛОНГ,5,642.8,-4.09,False,0.48,True,-7.92,False,1,-1,1,-1,2,0,2,0,0,1
TATN,2025-09-15,ЛОНГ,3,641.9,-2.8,False,0.33,True,-6.84,False,1,-1,1,-1,2,-1,1,0,0,1
TATN,2025-09-16,ЛОНГ,3,631.7,-3.39,False,1.33,True,-8.5,False,1,-1,1,0,2,0,1,0,-1,0
TATN,2025-09-18,ЛОНГ,3,620.4,1.11,True,1.55,True,-6.21,False,1,-1,1,0,0,0,2,0,-1,1
TATN,2025-09-19,ЛОНГ,3,616.5,4.77,True,-0.31,False,-5.13,False,2,-1,1,0,0,0,2,-1,-1,1
TATN,2025-10-05,ЛОНГ,3,578.4,0.61,True,-6.26,False,-10.6,False,2,-1,-1,0,0,0,2,0,-1,2
TATN,2025-10-13,ЛОНГ,3,595.3,3.29,True,-5.01,False,-9.02,False,0,2,-1,0,2,0,0,0,0,0
TATN,2025-10-14,ЛОНГ,3,557.5,9.27,True,-0.07,False,0.9,True,0,1,-1,0,2,0,0,1,0,0
TATN,2025-10-18,ЛОНГ,4,614.9,-8.03,False,-11.45,False,-8.73,False,0,2,-1,1,2,0,0,1,0,-1
TATN,2025-10-24,ЛОНГ,3,557.1,-4.52,False,0.97,True,-2.26,False,0,1,-1,1,2,0,0,0,0,0
TATN,2025-10-28,ЛОНГ,4,519.8,6.39,True,8.2,True,15.1,True,1,-1,-1,0,2,0,2,0,0,1
TATN,2025-10-29,ЛОНГ,5,536.9,1.84,True,3.74,True,17.12,True,1,-1,-1,1,2,0,2,1,-1,1
TATN,2025-11-01,ЛОНГ,3,537.4,4.35,True,2.16,True,11.72,True,1,-1,-1,0,2,0,1,0,0,1
TATN,2025-11-20,ШОРТ,-3,628.8,-8.3,True,-4.83,True,-4.71,True,-1,1,-1,-1,0,0,-2,1,1,-1
TATN,2025-11-21,ШОРТ,-3,626.0,-3.75,True,-6.01,True,-2.76,True,-2,1,-1,0,0,0,-2,1,1,-1
TATN,2025-11-24,ШОРТ,-5,601.0,-0.25,True,-2.11,True,1.21,False,-1,1,-1,0,0,0,-2,-1,1,-2
TATN,2025-12-05,ШОРТ,-4,605.8,-1.44,True,-0.26,True,-3.95,True,0,-2,-1,-1,0,0,0,0,0,0
TATN,2025-12-09,ШОРТ,-3,598.4,0.13,False,-2.09,True,-4.36,True,0,-1,-1,-1,0,0,0,0,0,0
TATN,2025-12-16,ШОРТ,-4,608.3,-3.63,True,-3.95,True,-10.11,True,0,-1,-1,-1,0,0,-1,0,1,-1
TATN,2025-12-25,ШОРТ,-4,568.8,2.09,False,-1.9,True,-0.88,True,0,-1,-1,0,-2,-1,1,0,-1,1
TATN,2025-12-27,ШОРТ,-3,581.9,-1.24,True,-4.26,True,-2.9,True,0,-1,-1,0,-2,1,0,0,0,0
TATN,2025-12-28,ШОРТ,-4,582.8,-2.23,True,-3.23,True,-2.71,True,0,-1,-1,0,-2,0,0,0,0,0
TATN,2026-01-14,ЛОНГ,4,557.1,-0.29,False,1.42,True,1.88,True,1,-1,1,0,0,0,2,0,-1,2
TATN,2026-01-22,ЛОНГ,3,563.8,1.54,True,2.41,True,-3.57,False,0,2,1,0,0,0,0,0,0,0
TATN,2026-02-27,ЛОНГ,3,543.0,12.21,True,15.93,True,18.97,True,1,1,-1,0,2,0,0,0,-1,1
TATN,2026-02-28,ЛОНГ,4,559.5,11.89,True,13.94,True,16.6,True,1,1,-1,0,2,0,0,1,0,0
TATN,2026-03-03,ШОРТ,-3,617.5,2.69,False,3.19,False,8.73,False,-2,1,-1,-1,2,0,-2,1,1,-2
SIBN,2025-06-11,ЛОНГ,3,520.55,4.35,True,1.71,True,1.72,True,1,1,-1,0,0,0,1,0,0,1
SIBN,2025-06-14,ЛОНГ,4,556.35,-3.18,False,-3.23,False,-5.22,False,0,2,1,0,0,0,0,1,0,0
SIBN,2025-06-15,ШОРТ,-3,547.15,-2.7,True,-1.28,True,-3.97,True,0,1,-1,0,0,0,-2,0,0,-1
SIBN,2025-06-16,ШОРТ,-3,532.5,-0.91,True,1.86,False,-4.69,True,0,1,-1,0,0,0,-1,0,0,-2
SIBN,2025-06-24,ШОРТ,-5,529.45,1.98,False,0.01,False,-4.86,True,0,-2,-1,-1,0,0,0,-1,0,0
SIBN,2025-06-25,ШОРТ,-3,531.65,2.03,False,-0.25,True,-5.48,True,0,-1,-1,-1,0,0,0,0,0,0
SIBN,2025-06-26,ШОРТ,-3,538.4,0.23,False,-2.06,True,-5.48,True,0,-1,-1,-1,0,0,0,0,0,0
SIBN,2025-07-05,ШОРТ,-3,530.3,-5.75,True,-5.24,True,-3.39,True,0,-2,-1,0,0,0,1,0,-1,0
SIBN,2025-07-06,ШОРТ,-3,527.3,-6.2,True,-3.49,True,-2.46,True,0,-1,-1,0,0,0,0,0,-1,0
SIBN,2025-07-22,ШОРТ,-3,521.4,-1.4,True,-2.94,True,5.12,False,0,1,-1,0,0,-1,0,-1,0,-1
SIBN,2025-07-24,ШОРТ,-3,519.15,-2.39,True,-0.12,True,3.56,False,0,1,-1,-1,0,0,0,-1,1,-2
SIBN,2025-07-31,ШОРТ,-3,505.35,4.74,False,8.55,False,6.86,False,1,-2,-1,-1,0,-1,0,0,0,1
SIBN,2025-08-01,ШОРТ,-3,506.05,5.43,False,8.31,False,4.72,False,0,-1,-1,-1,0,0,0,0,0,0
SIBN,2025-08-12,ШОРТ,-3,546.45,-1.61,True,-1.6,True,-4.47,True,-2,1,-1,0,0,0,-2,1,1,-1
SIBN,2025-08-13,ШОРТ,-4,542.5,1.61,False,-0.32,True,-4.57,True,-2,1,-1,0,0,0,-2,0,1,-1
SIBN,2025-08-14,ШОРТ,-3,548.55,-1.22,True,-1.56,True,-5.62,True,-1,1,-1,0,0,0,-1,0,1,-2
SIBN,2025-08-15,ШОРТ,-3,548.1,-0.95,True,-3.31,True,-5.1,True,-2,1,-1,0,0,0,-1,0,1,-1
SIBN,2025-08-23,ШОРТ,-3,540.75,-2.39,True,-4.26,True,-4.27,True,0,-2,-1,0,0,0,0,0,0,0
SIBN,2025-08-29,ШОРТ,-3,529.25,-2.18,True,1.08,False,-3.16,True,0,-1,-1,1,-2,-1,1,0,-1,1
SIBN,2025-08-30,ШОРТ,-4,529.05,-1.68,True,0.39,False,-4.92,True,0,-1,-1,0,-2,0,1,0,-1,0
SIBN,2025-08-31,ШОРТ,-4,530.1,-1.43,True,-0.58,True,-6.51,True,0,-1,-1,0,-2,0,1,0,-1,0
SIBN,2025-09-01,ШОРТ,-4,522.05,0.18,False,1.45,False,-5.56,True,0,-1,-1,0,-2,0,0,0,0,0
SIBN,2025-09-07,ШОРТ,-3,524.9,-1.38,True,-2.0,True,-4.72,True,0,-1,-1,0,0,-1,0,0,0,0
SIBN,2025-09-18,ЛОНГ,5,512.5,-2.87,False,-2.61,False,-2.24,False,0,-1,1,0,2,0,1,1,-1,2
SIBN,2025-09-22,ЛОНГ,3,495.6,2.39,True,-0.93,False,-5.97,False,1,-1,1,0,0,0,2,0,-1,1
SIBN,2025-09-23,ЛОНГ,4,493.0,1.95,True,-0.61,False,-4.81,False,2,-1,1,0,0,0,2,-1,-1,2
SIBN,2025-10-10,ЛОНГ,3,501.0,-2.6,False,-3.72,False,-5.29,False,0,1,-1,0,2,0,0,1,0,0
SIBN,2025-10-14,ЛОНГ,5,466.0,5.59,True,2.05,True,3.02,True,1,1,-1,0,2,0,2,-1,0,1
SIBN,2025-10-15,ЛОНГ,3,469.3,6.32,True,-2.0,False,2.28,True,2,-2,-1,0,2,0,2,0,-1,1
SIBN,2025-10-16,ЛОНГ,3,495.3,-0.61,False,-7.03,False,-2.8,False,2,-1,-1,0,2,0,2,0,-1,0
SIBN,2025-10-19,ЛОНГ,3,492.05,-3.35,False,-3.74,False,-4.87,False,0,2,-1,0,2,0,0,0,0,0
SIBN,2025-10-27,ШОРТ,-3,459.9,2.36,False,4.37,False,3.31,False,1,-2,-1,0,0,-1,1,0,-1,0
SIBN,2025-11-06,ЛОНГ,3,470.55,0.49,True,0.1,True,4.35,True,0,2,-1,0,2,0,0,0,0,0
SIBN,2025-11-08,ЛОНГ,3,480.0,-2.55,False,-1.02,False,2.76,True,0,1,-1,0,2,1,0,0,0,0
SIBN,2025-11-12,ЛОНГ,3,468.1,-0.41,False,5.34,True,3.4,True,0,1,-1,1,2,0,0,0,0,0
SIBN,2025-11-13,ЛОНГ,3,467.75,1.57,True,7.23,True,4.53,True,0,1,-1,1,2,0,0,0,0,0
SIBN,2025-11-24,ШОРТ,-3,493.1,-0.3,True,-1.85,True,1.21,False,-1,1,-1,0,0,0,-2,-1,1,0
SIBN,2025-11-26,ШОРТ,-3,495.95,-0.1,True,-2.51,True,0.39,False,-1,1,-1,0,0,0,-2,0,1,-1
SIBN,2025-12-05,ШОРТ,-3,488.95,-0.1,True,2.24,False,0.37,False,0,-2,-1,0,0,0,0,0,0,0
SIBN,2025-12-10,ШОРТ,-3,489.55,1.71,False,3.34,False,-0.18,True,0,-1,-1,-1,0,0,0,0,0,0
SIBN,2025-12-11,ШОРТ,-3,498.05,0.2,False,1.64,False,-2.87,True,0,-1,-1,-1,0,0,0,0,0,0
SIBN,2025-12-13,ШОРТ,-3,492.0,1.2,False,-0.55,True,-3.49,True,0,-1,-1,0,0,-1,0,0,0,0
SIBN,2026-01-06,ЛОНГ,3,482.5,-0.23,False,2.38,True,5.52,True,0,-1,1,1,0,0,1,0,0,1
SIBN,2026-01-09,ЛОНГ,4,479.85,1.28,True,3.68,True,5.56,True,1,-1,1,0,0,0,2,0,-1,2
SIBN,2026-01-18,ЛОНГ,3,487.8,2.49,True,3.29,True,2.2,True,0,2,1,0,0,0,0,0,0,0
SIBN,2026-02-01,ЛОНГ,3,506.45,-1.81,False,-3.13,False,0.35,True,-1,1,2,0,0,0,0,0,1,0
SIBN,2026-02-20,ЛОНГ,3,507.35,-0.44,False,5.45,True,8.15,True,0,2,1,0,0,0,0,0,0,0
IRAO,2025-06-11,ЛОНГ,4,3.17,-0.35,False,-1.37,False,0.41,True,2,-1,1,0,0,0,2,-1,0,1
IRAO,2025-06-14,ЛОНГ,3,3.16,-0.32,False,0.63,True,1.11,True,2,-1,-1,1,0,0,2,0,-1,1
IRAO,2025-06-15,ЛОНГ,5,3.17,-0.88,False,0.65,True,-0.17,False,2,-1,1,1,0,0,1,0,-1,2
IRAO,2025-06-16,ЛОНГ,3,3.13,-0.21,False,2.72,True,0.59,True,2,-1,1,0,0,0,1,0,-1,1
IRAO,2025-07-10,ЛОНГ,5,3.11,-0.21,False,2.93,True,-0.69,False,1,1,-1,0,2,0,1,0,0,1
IRAO,2025-07-11,ЛОНГ,4,3.06,1.8,True,3.61,True,1.01,True,1,1,-1,-1,2,0,1,0,0,1
IRAO,2025-07-12,ЛОНГ,3,3.06,1.83,True,3.4,True,1.39,True,2,-2,-1,0,2,0,2,0,-1,1
IRAO,2025-07-13,ЛОНГ,3,3.06,3.65,True,3.21,True,3.55,True,2,-1,-1,0,2,0,1,0,-1,1
IRAO,2025-07-14,ЛОНГ,5,3.12,2.31,True,1.51,True,2.15,True,2,-1,-1,0,2,1,1,0,-1,2
IRAO,2025-07-16,ЛОНГ,4,3.12,1.78,True,1.7,True,4.94,True,1,2,-1,0,2,0,0,0,0,0
IRAO,2025-07-17,ЛОНГ,3,3.12,1.54,True,1.77,True,5.22,True,0,1,-1,0,2,1,0,0,0,0
IRAO,2025-08-07,ШОРТ,-3,3.27,0.63,False,-0.31,True,-3.3,True,-1,1,-1,0,0,0,-2,1,0,-1
IRAO,2025-08-08,ШОРТ,-3,3.28,0.95,False,-1.75,True,-3.2,True,-1,1,-1,0,0,0,-2,1,0,-1
IRAO,2025-08-11,ШОРТ,-5,3.29,-0.52,True,-3.39,True,-3.06,True,-1,1,-1,0,0,0,-2,0,0,-2
IRAO,2025-08-31,ШОРТ,-3,3.18,0.13,False,0.19,False,-2.98,True,0,-1,-1,0,0,0,0,0,-1,0
IRAO,2025-09-01,ШОРТ,-3,3.16,1.04,False,0.82,False,-3.71,True,0,-1,-2,0,0,0,0,0,0,0
IRAO,2025-09-02,ШОРТ,-3,3.16,1.3,False,-1.44,True,-2.64,True,0,-1,-1,0,0,-1,0,0,-1,1
IRAO,2025-09-14,ЛОНГ,3,3.13,-1.88,False,-1.58,False,-4.62,False,1,-1,1,0,0,0,1,0,0,1
IRAO,2025-09-15,ЛОНГ,4,3.12,-1.1,False,-1.31,False,-4.58,False,1,-1,1,0,0,0,1,0,0,2
IRAO,2025-09-18,ЛОНГ,4,3.08,-0.39,False,-1.85,False,-10.41,False,1,-1,1,0,0,0,1,0,0,2
IRAO,2025-10-05,ЛОНГ,3,2.93,-5.75,False,-4.61,False,-8.21,False,2,-1,-1,0,0,0,2,0,-1,2
IRAO,2025-12-05,ШОРТ,-3,2.93,5.26,False,6.24,False,5.76,False,0,-2,-1,0,0,0,0,0,0,0
IRAO,2025-12-10,ШОРТ,-3,3.11,-0.03,True,-0.03,True,-0.35,True,-1,1,-1,0,0,0,-2,0,1,-1
IRAO,2025-12-11,ШОРТ,-3,3.14,-0.19,True,-1.29,True,-0.67,True,-2,1,-1,0,0,0,-2,1,1,-1
IRAO,2025-12-12,ШОРТ,-4,3.08,0.93,False,-1.53,True,3.1,False,-2,1,-1,0,0,0,-2,1,1,-2
IRAO,2026-01-08,ШОРТ,-6,3.21,3.57,False,5.43,False,9.67,False,-1,-1,1,0,-2,0,-2,0,0,-1
IRAO,2026-01-14,ШОРТ,-3,3.21,5.18,False,9.57,False,9.66,False,-1,1,1,0,-2,-1,-1,0,0,0
IRAO,2026-01-16,ШОРТ,-3,3.45,-0.73,True,2.05,False,0.39,False,-2,1,1,0,-2,0,-2,1,1,-1
IRAO,2026-01-18,ШОРТ,-3,3.44,2.58,False,4.89,False,0.23,False,-2,1,1,0,0,0,-2,0,1,-2
IRAO,2026-02-01,ШОРТ,-4,3.55,-3.31,True,-3.88,True,-6.25,True,-1,-2,1,0,-2,0,0,0,0,0
IRAO,2026-02-02,ШОРТ,-3,3.55,-2.73,True,-3.03,True,-6.44,True,-1,-1,1,0,-2,0,0,0,0,0
IRAO,2026-02-03,ШОРТ,-3,3.52,-2.01,True,-3.46,True,-5.97,True,-1,-1,1,0,-2,0,0,0,0,0
IRAO,2026-02-04,ШОРТ,-3,3.46,-2.81,True,-3.56,True,-4.54,True,-1,-1,1,0,-2,0,0,0,0,0
IRAO,2026-02-08,ШОРТ,-3,3.45,-1.48,True,-4.03,True,-5.4,True,0,-1,1,-1,-2,0,0,0,0,0
IRAO,2026-02-20,ЛОНГ,3,3.31,-0.02,False,-1.43,False,-4.21,False,1,-1,1,0,0,0,1,0,-1,2
IRAO,2026-03-01,ЛОНГ,5,3.25,-1.17,False,-2.39,False,-1.11,False,2,-1,1,0,0,0,2,0,-1,2
IRAO,2026-03-11,ЛОНГ,4,3.18,-0.2,False,0.19,True,0.03,True,1,-1,1,0,0,0,1,1,-1,2
NMTP,2025-06-29,ШОРТ,-3,9.39,-2.4,True,-2.93,True,-7.77,True,-1,1,-1,0,0,-1,-2,0,1,0
NMTP,2025-08-26,ШОРТ,-3,8.8,1.08,False,1.14,False,-1.53,True,0,1,-1,-1,-2,0,0,0,0,0
NMTP,2025-08-27,ШОРТ,-3,8.79,0.46,False,1.65,False,-1.59,True,0,1,-1,-1,-2,0,0,0,0,0
NMTP,2025-08-28,ШОРТ,-4,8.76,0.51,False,2.51,False,-0.11,True,0,1,-1,-1,-2,-1,0,0,0,0
NMTP,2025-08-29,ШОРТ,-4,8.75,0.97,False,2.0,False,-0.29,True,0,-2,-1,-1,0,0,0,0,0,0
NMTP,2025-08-30,ШОРТ,-3,8.87,0.45,False,0.56,False,-2.71,True,0,-1,-1,0,0,0,0,0,-1,0
NMTP,2025-09-01,ШОРТ,-3,8.83,1.19,False,1.36,False,-4.08,True,0,1,-1,-1,-2,0,-1,0,1,0
NMTP,2025-09-03,ШОРТ,-3,8.84,1.02,False,-0.4,True,-3.96,True,0,1,-1,-1,-2,0,0,0,0,0
NMTP,2025-09-06,ШОРТ,-3,8.94,0.17,False,-3.19,True,-6.27,True,0,1,-1,-1,-2,0,-1,0,1,0
NMTP,2025-09-08,ШОРТ,-4,8.93,-1.4,True,-2.24,True,-7.62,True,-1,1,-1,-1,0,0,-2,0,1,-1
NMTP,2025-09-09,ШОРТ,-3,8.91,-0.84,True,-3.25,True,-7.96,True,0,1,-1,-1,0,0,-1,-1,0,0
NMTP,2025-09-13,ШОРТ,-3,8.8,-0.85,True,-3.58,True,-6.36,True,0,-2,-1,-1,0,0,1,-1,0,1
NMTP,2025-09-14,ШОРТ,-3,8.84,-2.43,True,-5.37,True,-5.2,True,0,-1,-1,-1,0,0,0,0,0,0
NMTP,2025-09-15,ШОРТ,-3,8.66,-1.1,True,-3.23,True,-2.94,True,0,-1,-1,-1,0,0,0,0,0,0
NMTP,2025-09-17,ЛОНГ,3,8.74,-2.4,False,-5.49,False,-4.97,False,1,-1,1,0,0,0,2,0,-1,1
NMTP,2025-09-24,ЛОНГ,3,8.54,-3.16,False,-4.34,False,-4.22,False,1,-1,1,0,0,0,2,0,-1,1
NMTP,2025-09-27,ЛОНГ,3,8.38,-0.83,False,0.3,True,2.68,True,1,-1,1,0,0,0,2,-1,-1,2
NMTP,2025-09-30,ЛОНГ,3,8.24,-0.06,False,-0.12,False,5.7,True,2,-1,1,0,0,0,1,0,-1,1
NMTP,2025-10-01,ЛОНГ,3,8.21,2.13,True,0.49,True,4.45,True,2,-1,1,0,0,0,1,0,-1,1
NMTP,2025-10-02,ЛОНГ,4,8.31,1.14,True,-1.26,False,1.38,True,2,-1,1,0,0,0,1,0,-1,2
NMTP,2025-10-19,ШОРТ,-4,8.69,-4.95,True,-3.51,True,-4.03,True,-1,1,-1,-1,0,0,-2,0,1,-1
NMTP,2025-10-20,ШОРТ,-3,8.71,-7.17,True,-2.81,True,-4.3,True,-1,1,-1,-1,0,0,-1,0,1,-1
NMTP,2025-10-21,ШОРТ,-3,8.57,-3.09,True,-0.7,True,-4.49,True,-1,1,-1,0,0,0,-1,0,1,-2
NMTP,2025-11-03,ЛОНГ,3,8.51,0.18,True,-3.82,False,1.18,True,0,2,-1,0,2,0,0,0,0,0
NMTP,2025-11-13,ШОРТ,-4,8.34,-1.5,True,3.72,False,6.83,False,0,-2,-1,-1,0,0,0,0,0,0
NMTP,2025-11-26,ШОРТ,-3,8.61,-0.87,True,2.15,False,0.93,False,-1,1,-1,0,0,0,-1,0,0,-1
NMTP,2025-12-03,ЛОНГ,3,8.76,0.97,True,0.57,True,-2.63,False,0,1,1,0,0,0,0,0,1,0
NMTP,2025-12-30,ШОРТ,-3,8.63,-0.41,True,0.29,False,2.55,False,0,-1,1,0,0,-1,0,-1,-1,0
NMTP,2026-01-17,ЛОНГ,5,8.66,1.73,True,2.25,True,0.4,True,0,2,1,-1,2,0,0,1,0,0
NMTP,2026-01-18,ЛОНГ,3,8.7,1.72,True,1.26,True,0.0,False,0,1,1,-1,2,0,0,0,0,0
NMTP,2026-01-20,ЛОНГ,4,8.66,2.54,True,0.23,True,0.12,True,0,1,1,-1,2,0,-1,1,1,0
NMTP,2026-01-21,ЛОНГ,3,8.79,-0.11,False,-0.8,False,-0.63,False,0,1,1,-1,2,0,0,0,0,0
NMTP,2026-01-22,ЛОНГ,3,8.81,0.51,True,-0.79,False,-1.42,False,0,1,1,0,2,0,-2,1,1,-1
NMTP,2026-02-12,ШОРТ,-3,8.84,-0.51,True,0.06,False,-1.3,True,0,-1,-1,0,0,0,0,0,-1,0
NMTP,2026-02-17,ШОРТ,-3,8.85,0.17,False,-0.56,True,-1.41,True,-1,1,-1,0,0,0,-2,0,0,0
NMTP,2026-03-01,ЛОНГ,3,9.02,-3.22,False,-4.33,False,-6.16,False,0,2,1,0,0,0,-1,0,1,0
BELU,2025-06-10,ЛОНГ,3,446.0,-3.14,False,-4.04,False,-5.16,False,1,1,-1,0,0,0,1,0,0,1
BELU,2025-06-14,ЛОНГ,3,445.0,-1.35,False,-4.04,False,-4.94,False,1,-1,-1,1,2,0,1,0,-1,1
BELU,2025-06-15,ЛОНГ,4,444.0,-1.35,False,-4.39,False,-5.18,False,1,-1,-1,1,2,0,0,0,0,2
BELU,2025-06-18,ЛОНГ,4,437.0,-1.83,False,-1.72,False,0.0,False,1,-1,-1,1,2,0,1,0,-1,2
BELU,2025-07-15,ЛОНГ,3,429.0,4.08,True,4.43,True,2.56,True,0,1,-1,-1,2,1,-1,1,1,0
BELU,2025-07-24,ШОРТ,-3,452.5,-2.87,True,-3.29,True,0.33,False,-1,1,-1,-1,0,0,-2,1,1,-1
BELU,2025-07-25,ШОРТ,-4,448.0,-3.46,True,-1.79,True,3.35,False,-1,1,-1,-1,0,0,-1,0,1,-2
BELU,2025-07-30,ШОРТ,-3,432.5,1.73,False,7.75,False,5.76,False,0,-2,-1,0,0,0,0,0,0,0
BELU,2025-07-31,ШОРТ,-3,432.5,2.2,False,7.05,False,5.8,False,0,-2,-1,0,0,0,0,0,0,0
BELU,2025-09-13,ЛОНГ,3,423.4,-2.6,False,-6.0,False,-11.48,False,2,-1,1,0,0,0,2,-1,-1,1
BELU,2025-09-14,ЛОНГ,4,425.0,-3.58,False,-6.82,False,-10.73,False,2,-1,1,0,0,0,2,0,-1,1
BELU,2025-09-15,ЛОНГ,4,420.8,-1.95,False,-5.7,False,-7.22,False,2,-1,1,0,0,0,1,0,-1,2
BELU,2025-09-16,ЛОНГ,3,415.8,-2.07,False,-4.57,False,-6.49,False,2,-1,1,0,0,-1,2,0,-1,1
BELU,2025-09-17,ЛОНГ,3,416.6,-3.07,False,-7.06,False,-6.96,False,2,-1,1,0,0,0,2,-1,-1,1
BELU,2025-09-18,ЛОНГ,4,412.4,-3.49,False,-5.92,False,-6.69,False,2,-1,1,0,0,0,1,0,-1,2
BELU,2025-10-08,ЛОНГ,3,388.8,1.34,True,0.93,True,-3.96,False,1,2,-1,0,0,0,0,1,0,0
BELU,2025-10-29,ЛОНГ,3,371.0,2.37,True,6.9,True,12.24,True,1,-1,-1,0,2,0,1,0,-1,2
BELU,2025-10-31,ЛОНГ,3,377.4,1.38,True,6.52,True,12.24,True,1,-1,-1,0,2,1,0,0,0,1
BELU,2025-11-03,ЛОНГ,3,384.8,0.0,False,6.34,True,10.5,True,0,2,-1,0,2,0,0,0,0,0
BELU,2025-11-25,ШОРТ,-3,429.8,1.3,False,-3.63,True,-2.19,True,-1,1,-1,0,0,0,-1,0,1,-2
BELU,2025-12-14,ШОРТ,-3,416.0,1.06,False,-0.91,True,-1.54,True,0,-1,1,0,-2,0,0,0,-1,0
BELU,2025-12-26,ЛОНГ,3,409.0,-0.54,False,-0.2,False,4.79,True,0,-1,1,0,0,0,2,0,0,1
BELU,2025-12-27,ЛОНГ,3,408.8,-0.24,False,0.93,True,4.31,True,0,-1,1,1,0,0,1,0,-1,2
BELU,2026-01-15,ЛОНГ,4,423.0,0.85,True,1.32,True,5.34,True,0,2,1,0,0,1,0,0,0,0
BELU,2026-02-03,ШОРТ,-4,446.2,-2.02,True,-3.63,True,-0.31,True,-1,1,-1,0,0,0,-1,0,0,-2
BELU,2026-02-07,ШОРТ,-3,438.2,-2.97,True,-0.64,True,0.5,False,0,-2,-1,0,0,0,0,0,0,0
BELU,2026-02-25,ЛОНГ,5,444.8,-1.89,False,-4.32,False,-2.2,False,0,2,1,0,0,1,0,1,1,-1
BELU,2026-03-09,ЛОНГ,4,425.6,0.85,True,2.21,True,-5.55,False,1,-1,1,0,0,0,2,0,0,1
LENT,2025-06-17,ЛОНГ,3,1403.0,-0.5,False,0.71,True,-0.96,False,0,-1,1,0,0,0,0,1,0,2
LENT,2025-07-09,ШОРТ,-3,1389.5,0.61,False,6.87,False,8.71,False,0,-2,-1,0,0,0,0,-1,0,1
LENT,2025-07-19,ШОРТ,-4,1485.0,0.84,False,1.72,False,15.69,False,-2,1,-1,0,0,0,-2,1,0,-1
LENT,2025-07-20,ШОРТ,-5,1496.0,1.0,False,2.94,False,14.04,False,-2,1,-1,-1,0,0,-2,0,1,-1
LENT,2025-07-21,ШОРТ,-4,1491.5,1.17,False,3.92,False,15.99,False,-2,1,-1,0,0,0,-2,0,1,-1
LENT,2025-07-22,ШОРТ,-4,1503.5,0.13,False,6.29,False,14.97,False,-2,1,-1,0,0,0,-1,0,1,-2
LENT,2025-07-23,ШОРТ,-3,1510.5,-2.28,True,10.36,False,13.51,False,-2,1,-1,0,0,0,-1,0,1,-1
LENT,2025-07-24,ШОРТ,-3,1497.5,0.87,False,17.03,False,14.32,False,-2,1,-1,0,0,0,-1,0,1,-1
LENT,2025-07-25,ШОРТ,-4,1511.0,1.92,False,15.25,False,14.33,False,-1,1,-1,0,0,0,-1,0,0,-2
LENT,2025-07-30,ЛОНГ,3,1540.0,13.08,True,10.78,True,16.2,True,-1,1,1,0,0,0,0,1,1,0
LENT,2025-08-07,ШОРТ,-4,1701.5,1.67,False,6.32,False,7.61,False,-2,1,1,0,0,0,-2,-1,1,-2
LENT,2025-08-22,ШОРТ,-5,1755.0,2.51,False,3.59,False,3.82,False,-1,-2,1,-1,-2,0,0,0,0,0
LENT,2025-08-23,ШОРТ,-4,1789.5,1.26,False,2.04,False,0.59,False,-1,-1,1,-1,-2,0,0,0,0,0
LENT,2025-08-24,ШОРТ,-4,1775.0,3.15,False,2.54,False,2.17,False,-1,-1,1,-1,-2,0,-1,0,1,0
LENT,2025-08-25,ШОРТ,-3,1752.5,3.31,False,4.08,False,3.42,False,-1,-1,1,-1,-2,0,0,0,1,0
LENT,2025-08-26,ШОРТ,-4,1749.5,4.6,False,6.06,False,4.34,False,-1,-1,1,-1,-2,0,0,0,0,0
LENT,2025-08-27,ШОРТ,-4,1799.0,1.06,False,2.92,False,1.67,False,-1,-1,1,-1,-2,0,0,0,0,0
LENT,2025-08-28,ШОРТ,-3,1812.0,0.77,False,3.37,False,0.83,False,-1,-1,1,-1,-2,0,-1,1,1,0
LENT,2025-08-29,ШОРТ,-4,1831.0,-0.6,True,1.86,False,-0.55,True,-1,-1,1,-1,-2,0,-1,0,1,0
LENT,2025-08-30,ШОРТ,-5,1810.5,0.75,False,2.15,False,0.91,False,-1,-1,1,-1,-2,0,-1,0,1,-1
LENT,2025-08-31,ШОРТ,-5,1830.0,1.39,False,-0.38,True,0.11,False,-1,-1,1,-1,-2,-1,-1,0,1,0
LENT,2025-09-01,ШОРТ,-5,1818.0,1.84,False,0.22,False,0.39,False,-1,-1,1,-1,-2,0,-1,0,1,-1
LENT,2025-09-02,ШОРТ,-4,1826.0,2.57,False,-1.42,True,0.77,False,-1,-1,1,-1,-2,0,0,0,0,0
LENT,2025-09-03,ШОРТ,-5,1820.0,2.47,False,-0.36,True,1.65,False,-1,-1,1,0,-2,-1,-1,0,1,-1
LENT,2025-09-04,ШОРТ,-4,1824.0,1.4,False,-0.63,True,3.45,False,-1,-1,1,0,-2,0,0,0,0,-1
LENT,2025-09-05,ШОРТ,-4,1855.5,-1.75,True,-1.62,True,1.19,False,-1,-1,1,0,-2,-1,0,0,1,-1
LENT,2025-09-06,ШОРТ,-4,1851.5,-1.59,True,-1.22,True,1.43,False,-1,-1,1,0,-2,0,-1,0,1,-1
LENT,2025-09-07,ШОРТ,-4,1873.0,-3.9,True,-2.46,True,-2.06,True,-1,-1,1,0,-2,0,-1,0,1,-1
LENT,2025-09-08,ШОРТ,-4,1865.0,-2.76,True,-2.36,True,0.13,False,-1,-1,1,0,-2,0,-1,0,1,-1
LENT,2025-09-09,ШОРТ,-5,1849.5,-2.0,True,-1.22,True,1.0,False,-1,-1,1,0,-2,0,-1,0,1,-2
LENT,2025-09-10,ШОРТ,-3,1823.0,0.14,False,0.49,False,-0.6,True,-1,-1,1,0,-2,0,0,0,0,0
LENT,2025-09-17,ШОРТ,-3,1827.0,0.71,False,0.41,False,-4.02,True,0,-1,1,-1,-2,0,0,0,0,0
LENT,2025-09-27,ШОРТ,-4,1877.5,-3.49,True,-4.39,True,-6.05,True,-1,-1,1,1,-2,0,-2,1,0,-1
LENT,2025-09-30,ШОРТ,-4,1867.5,-4.2,True,-7.87,True,-7.66,True,0,-2,1,0,-2,0,0,-1,0,0
LENT,2025-10-09,ЛОНГ,4,1753.5,-8.5,False,1.06,True,-2.51,False,1,-1,1,1,0,0,2,0,-1,1
LENT,2025-10-11,ЛОНГ,3,1728.0,0.41,True,-2.72,False,-0.35,False,1,-1,1,1,0,-1,2,0,-1,1
LENT,2025-10-13,ЛОНГ,3,1668.0,6.86,True,2.07,True,4.17,True,1,-1,1,0,0,0,1,0,-1,2
LENT,2025-10-14,ЛОНГ,3,1604.5,10.44,True,5.24,True,7.2,True,2,-1,1,0,0,-1,2,0,-1,1
LENT,2025-10-15,ЛОНГ,3,1610.5,7.08,True,1.86,True,7.08,True,2,-1,1,0,0,0,2,-1,-1,1
LENT,2025-10-16,ЛОНГ,5,1735.0,-3.11,False,-2.51,False,0.23,True,2,-1,1,0,0,0,1,1,-1,2
LENT,2025-11-13,ШОРТ,-3,1785.0,-2.94,True,-4.68,True,1.51,False,0,1,-1,0,0,-1,-1,0,1,-2
LENT,2025-11-20,ШОРТ,-3,1728.5,-1.82,True,1.19,False,14.84,False,0,-2,-1,0,0,0,0,0,0,0
LENT,2025-11-21,ШОРТ,-3,1708.0,-0.29,True,2.78,False,15.08,False,0,-1,-1,0,0,-1,0,0,0,0
LENT,2025-12-09,ШОРТ,-4,1835.5,8.14,False,6.97,False,7.85,False,-2,1,-1,0,0,0,-2,1,1,-2
LENT,2025-12-10,ШОРТ,-3,1904.5,3.2,False,2.89,False,4.2,False,-1,1,-1,0,0,0,-2,0,1,-1
LENT,2025-12-11,ШОРТ,-3,1963.0,0.41,False,-0.25,True,1.02,False,-2,1,-1,0,0,0,-2,1,1,-1
LENT,2025-12-12,ШОРТ,-3,1952.5,0.56,False,0.33,False,2.97,False,-2,1,-1,0,0,0,-2,1,1,-1
LENT,2025-12-13,ШОРТ,-6,1972.0,-0.56,True,-0.35,True,2.74,False,-2,1,-1,0,0,0,-2,-1,1,-2
LENT,2025-12-16,ШОРТ,-4,1971.0,-0.66,True,2.08,False,0.96,False,-2,1,1,0,0,-1,-1,0,0,-2
LENT,2025-12-23,ШОРТ,-3,1965.0,1.73,False,3.1,False,7.2,False,-2,-2,1,0,0,0,0,0,0,0
LENT,2025-12-24,ШОРТ,-3,2017.0,-1.86,True,-0.22,True,5.88,False,-2,-1,1,0,0,0,0,0,0,-1
LENT,2025-12-27,ШОРТ,-5,2000.0,0.53,False,-1.2,True,12.35,False,-2,-2,1,0,-2,0,0,-1,1,0
LENT,2025-12-28,ШОРТ,-4,1999.0,1.35,False,-0.75,True,13.06,False,-2,-1,1,0,-2,0,0,0,0,0
LENT,2025-12-29,ШОРТ,-4,1979.5,1.67,False,1.74,False,9.22,False,-2,-1,1,0,-2,0,0,0,0,0
LENT,2025-12-30,ШОРТ,-4,1984.5,0.68,False,1.49,False,8.82,False,-1,-1,1,-1,-2,0,0,0,0,0
LENT,2026-01-05,ШОРТ,-4,1983.0,0.35,False,1.97,False,6.53,False,-1,-1,1,-1,-2,0,0,0,0,0
LENT,2026-01-06,ШОРТ,-3,2010.5,-1.72,True,3.13,False,8.98,False,-1,-1,1,0,-2,0,0,0,0,0
LENT,2026-01-08,ШОРТ,-6,2026.0,-2.07,True,3.97,False,5.77,False,-2,-1,1,-1,-2,0,-1,0,0,0
LENT,2026-01-09,ШОРТ,-7,2012.5,0.07,False,6.11,False,6.34,False,-2,-1,1,-1,-2,0,-1,0,0,-1
LENT,2026-01-12,ШОРТ,-3,1998.0,0.8,False,8.36,False,7.48,False,-1,-1,1,-1,-2,0,0,0,1,0
LENT,2026-01-13,ШОРТ,-4,1990.0,1.61,False,10.43,False,7.31,False,-1,-1,1,-1,-2,0,0,0,0,0
LENT,2026-01-14,ШОРТ,-3,1976.0,4.93,False,13.71,False,7.64,False,0,-1,1,-1,-2,0,0,0,0,0
LENT,2026-01-15,ШОРТ,-3,1984.0,6.17,False,13.91,False,8.32,False,0,-1,1,-1,-2,0,0,0,0,0
LENT,2026-01-16,ШОРТ,-4,2014.0,6.03,False,7.35,False,3.13,False,0,-1,1,-1,-2,-1,0,0,0,0
LENT,2026-01-17,ШОРТ,-4,2014.0,7.5,False,7.22,False,0.47,False,-1,-1,1,-1,-2,0,0,0,0,0
LENT,2026-01-18,ШОРТ,-4,2022.0,8.68,False,4.48,False,1.76,False,-1,-1,1,-1,-2,0,0,0,0,0
LENT,2026-01-19,ШОРТ,-6,2073.5,8.37,False,5.67,False,-0.36,True,-1,-1,1,-1,-2,0,-1,0,0,-1
LENT,2026-01-20,ШОРТ,-5,2106.5,7.29,False,1.73,False,-3.25,True,-2,-1,1,-1,-2,0,-2,1,1,0
LENT,2026-01-21,ШОРТ,-3,2135.5,1.24,False,0.21,False,-3.47,True,-2,2,1,-1,-2,0,-2,1,1,-1
LENT,2026-01-26,ШОРТ,-3,2162.0,-1.02,True,-3.93,True,-2.06,True,-2,1,1,0,0,0,-2,0,1,-2
LENT,2026-01-30,ЛОНГ,4,2143.0,0.28,True,-4.9,False,-4.2,False,-1,1,1,0,0,1,0,1,1,0
LENT,2026-03-06,ЛОНГ,3,2076.0,6.77,True,8.53,True,3.56,True,0,1,1,0,0,0,0,0,1,0
FEES,2025-06-20,ШОРТ,-4,0.07,0.98,False,0.31,False,-3.16,True,0,-2,-1,0,0,0,0,-1,-1,1
FEES,2025-07-04,ЛОНГ,3,0.07,-1.74,False,-3.51,False,1.23,True,0,1,-1,-1,2,0,0,1,1,0
FEES,2025-07-11,ШОРТ,-3,0.06,3.08,False,5.11,False,4.54,False,0,-2,-1,-1,0,0,0,0,0,1
FEES,2025-07-27,ШОРТ,-3,0.07,-2.91,True,7.02,False,8.17,False,-1,1,-1,0,0,0,-1,0,0,-1
FEES,2025-08-11,ШОРТ,-4,0.08,-4.1,True,-6.48,True,-2.65,True,-2,1,-1,0,0,0,-2,0,1,-1
FEES,2025-08-12,ШОРТ,-3,0.07,-2.91,True,-4.09,True,-2.13,True,-2,1,-1,0,0,0,-2,1,1,-1
FEES,2025-08-13,ШОРТ,-5,0.07,-0.65,True,-2.3,True,-2.22,True,-2,1,-1,0,0,0,-2,0,1,-2
FEES,2025-09-09,ШОРТ,-3,0.07,-4.73,True,-12.24,True,-12.89,True,0,-1,1,0,-2,0,-1,-1,1,0
FEES,2025-09-11,ШОРТ,-3,0.07,-8.57,True,-12.08,True,-15.19,True,0,-1,1,-1,-2,0,0,0,0,0
FEES,2025-09-12,ШОРТ,-3,0.07,-3.73,True,-3.87,True,-11.56,True,0,-1,1,-1,-2,0,0,0,0,0
FEES,2025-10-04,ЛОНГ,3,0.06,1.51,True,-2.16,False,0.0,False,2,-1,1,0,0,0,1,0,-1,1
FEES,2025-10-05,ЛОНГ,4,0.06,-1.88,False,-0.38,False,-2.74,False,2,-1,1,0,0,0,1,0,-1,2
FEES,2025-10-11,ЛОНГ,4,0.06,4.6,True,2.69,True,4.01,True,1,1,-1,0,2,0,1,0,-1,1
FEES,2025-10-12,ЛОНГ,4,0.06,3.19,True,1.09,True,2.64,True,1,1,-1,0,2,0,1,0,-1,1
FEES,2025-10-13,ЛОНГ,4,0.06,5.92,True,2.64,True,2.6,True,1,1,-1,0,2,0,0,0,-1,2
FEES,2025-10-14,ЛОНГ,4,0.06,6.61,True,2.2,True,4.24,True,1,1,-1,0,2,0,1,0,-1,1
FEES,2025-10-15,ЛОНГ,4,0.06,4.19,True,-2.37,False,1.6,True,1,1,-1,0,2,0,1,0,-1,1
FEES,2025-10-16,ЛОНГ,4,0.06,-1.83,False,-4.7,False,-1.86,False,0,1,-1,1,2,0,0,1,0,0
FEES,2025-10-17,ЛОНГ,3,0.06,-2.03,False,-3.37,False,-0.62,False,0,1,-1,1,2,0,0,1,0,-1
FEES,2025-10-18,ЛОНГ,3,0.07,-3.1,False,-4.15,False,-1.81,False,0,1,-1,1,2,0,0,0,0,0
FEES,2025-10-28,ЛОНГ,5,0.06,4.35,True,2.99,True,3.99,True,1,1,-1,0,2,0,1,0,0,1
FEES,2025-12-01,ШОРТ,-3,0.06,8.54,False,11.07,False,10.95,False,-1,1,-1,0,0,0,-2,0,1,-1
FEES,2025-12-08,ШОРТ,-4,0.07,2.34,False,3.82,False,2.25,False,-2,1,1,0,0,0,-2,-1,1,-2
FEES,2025-12-22,ШОРТ,-3,0.07,1.21,False,4.29,False,9.15,False,-1,-2,1,0,-2,0,0,0,1,0
FEES,2025-12-30,ШОРТ,-4,0.07,10.22,False,9.88,False,5.59,False,0,-1,1,1,-2,-1,0,-1,-1,0
FEES,2026-01-12,ШОРТ,-3,0.08,-0.31,True,-3.38,True,-1.61,True,-2,1,1,1,-2,0,-2,0,0,0
FEES,2026-01-13,ШОРТ,-3,0.08,3.14,False,-2.69,True,-0.47,True,-2,1,1,0,-2,0,-2,1,1,-1
FEES,2026-01-15,ШОРТ,-3,0.08,-0.99,True,-2.35,True,-1.98,True,-1,1,1,0,-2,-1,-1,0,0,0
FEES,2026-01-29,ШОРТ,-3,0.08,-0.13,True,1.21,False,-2.25,True,0,-1,1,0,-2,0,0,0,-1,0
FEES,2026-02-09,ШОРТ,-3,0.08,-1.45,True,-1.47,True,-6.0,True,0,-1,1,-1,0,0,-1,0,0,-1
FEES,2026-02-10,ШОРТ,-4,0.07,-0.22,True,0.75,False,-2.45,True,0,-2,1,-1,0,-1,0,-1,0,0
FEES,2026-03-03,ЛОНГ,3,0.07,-0.17,False,3.42,True,-4.4,False,1,-1,1,0,0,0,2,0,-1,1
FEES,2026-03-09,ЛОНГ,3,0.07,3.35,True,-0.61,False,1.17,True,1,-1,1,0,0,0,2,0,-1,1
AFLT,2025-06-13,ЛОНГ,4,64.61,0.5,True,0.93,True,0.06,True,0,2,1,1,0,0,0,0,0,0
AFLT,2025-06-18,ЛОНГ,4,64.93,0.43,True,2.16,True,-4.05,False,1,-1,-1,1,2,0,1,0,-1,2
AFLT,2025-06-19,ЛОНГ,4,64.13,1.47,True,2.15,True,-7.73,False,0,2,-1,1,2,0,0,0,0,0
AFLT,2025-06-24,ЛОНГ,3,65.18,1.86,True,-1.14,False,-6.04,False,1,-1,-1,0,2,0,2,0,-1,1
AFLT,2025-06-25,ЛОНГ,4,65.21,1.72,True,-0.86,False,-7.35,False,0,2,-1,0,2,0,0,1,0,0
AFLT,2025-07-22,ШОРТ,-3,58.71,0.34,False,-2.95,True,17.99,False,1,-2,-1,0,0,0,0,-1,0,0
AFLT,2025-07-30,ЛОНГ,3,56.88,3.57,True,19.8,True,11.46,True,1,-1,-1,0,2,0,1,1,-1,1
AFLT,2025-07-31,ЛОНГ,3,56.98,7.53,True,19.83,True,10.42,True,1,-1,-1,0,2,0,1,0,-1,2
AFLT,2025-08-06,ЛОНГ,4,58.91,15.67,True,16.79,True,5.86,True,1,2,-1,0,2,0,0,0,0,0
AFLT,2025-08-07,ЛОНГ,3,61.27,11.44,True,9.89,True,1.53,True,0,1,-1,0,2,0,0,1,0,0
AFLT,2025-08-16,ШОРТ,-3,67.25,-5.84,True,-6.57,True,-7.64,True,-2,1,-1,0,0,0,-1,0,1,-1
AFLT,2025-08-17,ШОРТ,-4,67.25,-5.65,True,-5.58,True,-7.85,True,-1,1,-1,0,0,0,-1,0,0,-2
AFLT,2025-08-19,ШОРТ,-3,67.33,-6.55,True,-7.6,True,-6.31,True,-2,1,-1,0,0,0,-1,0,1,-1
AFLT,2025-08-23,ШОРТ,-3,63.4,-1.64,True,-4.76,True,-5.25,True,0,-2,-1,0,0,0,0,0,0,0
AFLT,2025-09-10,ЛОНГ,3,61.79,-2.88,False,-5.08,False,-15.37,False,0,2,1,0,0,0,0,0,0,0
AFLT,2025-09-13,ЛОНГ,4,60.14,-1.0,False,-7.15,False,-15.51,False,1,-1,1,1,0,0,2,-1,0,1
AFLT,2025-09-14,ЛОНГ,4,60.54,-3.7,False,-7.73,False,-13.63,False,1,-1,1,1,0,0,2,0,-1,1
AFLT,2025-09-17,ЛОНГ,5,61.0,-6.84,False,-10.36,False,-14.11,False,0,-1,1,1,2,0,1,0,-1,2
AFLT,2025-09-18,ЛОНГ,3,59.54,-6.21,False,-8.73,False,-14.02,False,0,-1,1,1,2,0,0,0,0,0
AFLT,2025-09-22,ЛОНГ,4,58.65,-4.83,False,-10.84,False,-12.24,False,1,-1,1,1,0,0,2,0,-1,1
AFLT,2025-09-23,ЛОНГ,4,56.26,-1.33,False,-9.26,False,-7.52,False,1,-1,1,1,0,0,1,0,-1,2
AFLT,2025-09-25,ЛОНГ,3,55.84,-2.69,False,-9.01,False,-10.19,False,1,-1,1,0,0,0,1,0,-1,2
AFLT,2025-09-26,ЛОНГ,3,55.86,-4.69,False,-6.39,False,1.22,True,1,-1,1,0,0,0,2,0,-1,1
AFLT,2025-09-28,ЛОНГ,3,55.51,-8.03,False,-8.58,False,5.39,True,1,-1,1,0,0,0,1,0,-1,2
AFLT,2025-09-29,ЛОНГ,3,54.68,-7.66,False,-4.19,False,5.74,True,2,-1,1,0,0,0,1,0,-1,1
AFLT,2025-09-30,ЛОНГ,4,54.34,-6.5,False,-5.8,False,6.11,True,2,-1,1,0,0,0,1,0,-1,2
AFLT,2025-10-02,ЛОНГ,3,52.29,1.87,True,-1.57,False,2.08,True,2,-1,1,0,0,0,1,0,-1,1
AFLT,2025-10-03,ЛОНГ,3,51.05,-0.59,False,1.92,True,2.43,True,2,-1,1,0,0,0,1,0,-1,1
AFLT,2025-10-04,ЛОНГ,3,50.49,3.76,True,0.95,True,2.04,True,2,-1,1,0,0,0,1,0,-1,1
AFLT,2025-10-10,ЛОНГ,3,51.19,-2.03,False,12.64,True,-1.47,False,1,2,-1,0,0,0,0,1,0,0
AFLT,2025-11-09,ЛОНГ,3,52.28,-3.19,False,0.36,True,9.01,True,0,2,-1,0,2,0,0,0,0,0
AFLT,2025-11-24,ШОРТ,-4,55.08,4.21,False,1.31,False,7.32,False,-1,1,-1,0,0,0,-2,-1,1,-1
AFLT,2025-11-28,ШОРТ,-3,57.32,-2.48,True,0.1,False,4.24,False,-1,1,-1,0,0,0,-1,-1,0,0
AFLT,2025-12-13,ШОРТ,-4,56.58,6.54,False,2.69,False,0.0,False,0,-2,1,-1,-2,0,0,0,0,0
AFLT,2025-12-14,ШОРТ,-3,56.48,5.81,False,2.46,False,1.36,False,0,-1,1,-1,-2,0,0,0,0,0
AFLT,2025-12-15,ШОРТ,-3,56.95,4.92,False,-0.09,True,0.07,False,0,-1,1,-1,-2,0,0,0,0,0
AFLT,2025-12-16,ШОРТ,-3,59.11,0.96,False,-0.44,True,-6.26,True,0,-1,1,-1,-2,0,0,0,0,0
AFLT,2025-12-17,ШОРТ,-6,59.93,-3.4,True,-1.79,True,-7.83,True,-1,-1,1,-1,-2,0,-2,1,0,-1
AFLT,2025-12-19,ШОРТ,-3,59.76,-3.16,True,-3.1,True,-5.35,True,-1,1,1,0,-2,0,-2,0,1,-1
AFLT,2025-12-20,ШОРТ,-3,59.75,-4.77,True,-3.01,True,-5.26,True,-1,1,1,0,-2,-1,-1,-1,1,0
AFLT,2025-12-25,ШОРТ,-3,56.9,1.85,False,0.16,False,1.97,False,0,-1,-1,0,0,-1,0,0,0,0
AFLT,2026-01-14,ЛОНГ,3,55.24,1.96,True,4.82,True,4.82,True,1,-1,1,0,0,0,2,0,-1,1
AFLT,2026-02-05,ШОРТ,-3,56.44,-1.56,True,0.35,False,-1.01,True,0,-2,1,-1,-2,0,0,0,0,1
AFLT,2026-02-07,ШОРТ,-4,56.6,-0.12,True,-1.61,True,-2.86,True,0,-1,-2,0,-2,0,0,0,-1,2
AFLT,2026-02-08,ШОРТ,-4,56.43,1.15,False,-1.44,True,-3.88,True,0,-1,-1,0,-2,0,0,0,-1,1
AFLT,2026-02-11,ЛОНГ,4,56.37,0.25,True,-0.39,False,-7.52,False,1,-1,1,0,0,0,2,0,-1,2
AFLT,2026-02-21,ЛОНГ,3,55.66,0.07,True,-3.23,False,-7.83,False,1,-1,1,1,0,0,1,0,-1,1
AFLT,2026-02-26,ШОРТ,-3,55.7,-3.3,True,-7.06,True,-10.09,True,0,-1,-1,0,0,0,0,0,-1,0
AFLT,2026-02-27,ШОРТ,-3,55.87,-5.41,True,-7.75,True,-9.61,True,0,-1,-1,0,0,-1,0,0,-1,1
PHOR,2025-06-11,ЛОНГ,3,6189.0,1.52,True,3.7,True,-2.75,False,1,-1,1,0,0,0,2,0,-1,1
PHOR,2025-06-25,ЛОНГ,3,6388.0,-1.08,False,-5.57,False,-4.3,False,0,1,1,0,0,1,0,0,0,0
PHOR,2025-07-02,ШОРТ,-4,6085.0,-0.74,True,-3.35,True,4.32,False,0,-2,-1,-1,0,0,0,-1,0,1
PHOR,2025-07-08,ЛОНГ,4,6002.0,-2.18,False,4.25,True,6.0,True,1,-1,1,0,0,0,1,0,0,2
PHOR,2025-07-10,ЛОНГ,3,6015.0,1.63,True,3.72,True,7.25,True,1,-1,1,0,0,0,1,0,-1,2
PHOR,2025-07-12,ЛОНГ,3,5881.0,5.29,True,7.94,True,10.27,True,2,-1,1,0,0,0,1,0,-1,1
PHOR,2025-07-13,ЛОНГ,3,5871.0,6.57,True,11.21,True,11.34,True,1,-1,1,0,0,0,1,0,-1,2
PHOR,2025-07-21,ШОРТ,-3,6211.0,3.08,False,3.17,False,12.99,False,0,1,-1,0,0,-1,-1,0,1,-2
PHOR,2025-07-25,ШОРТ,-4,6391.0,0.94,False,4.76,False,10.28,False,-1,1,-1,0,0,0,-1,-1,1,-2
PHOR,2025-07-27,ШОРТ,-4,6372.0,1.77,False,9.86,False,10.3,False,-1,1,-1,0,0,-1,-1,0,0,-1
PHOR,2025-08-08,ШОРТ,-3,7000.0,0.73,False,0.4,False,-0.26,True,-2,1,-1,0,0,0,-2,1,1,-1
PHOR,2025-08-11,ШОРТ,-3,6988.0,0.24,False,-0.07,True,0.31,False,-2,1,-1,0,0,0,-2,1,1,-1
PHOR,2025-08-12,ШОРТ,-6,7000.0,-0.14,True,0.6,False,-0.04,True,-2,1,-1,0,0,0,-2,-1,1,-2
PHOR,2025-08-13,ШОРТ,-3,7026.0,0.31,False,0.27,False,-0.8,True,-2,1,-1,0,0,0,-1,0,1,-1
PHOR,2025-09-10,ШОРТ,-5,7164.0,-2.14,True,-1.26,True,-8.03,True,-1,-1,1,0,-2,0,-2,1,0,-1
PHOR,2025-09-12,ШОРТ,-4,7116.0,-1.62,True,0.0,False,-5.78,True,-2,1,1,0,-2,0,-2,1,0,-1
PHOR,2025-09-13,ШОРТ,-4,7033.0,-1.34,True,1.96,False,-4.32,True,-1,1,1,-1,-2,-1,0,-1,0,0
PHOR,2025-09-15,ШОРТ,-3,7011.0,0.9,False,2.05,False,-1.38,True,0,-2,1,0,-2,0,0,0,0,0
PHOR,2025-09-16,ШОРТ,-3,7026.0,-0.09,True,1.92,False,-1.81,True,0,-1,1,0,-2,0,0,-1,0,0
PHOR,2025-09-27,ЛОНГ,3,7155.0,-7.91,False,-3.37,False,-2.89,False,0,1,1,1,0,0,0,0,0,0
PHOR,2025-09-28,ЛОНГ,3,7161.0,-5.88,False,-3.66,False,-2.47,False,0,1,1,0,0,0,0,0,1,0
PHOR,2025-09-30,ШОРТ,-3,7182.0,-6.31,True,-4.78,True,-1.85,True,-1,1,1,-1,-2,0,-2,1,1,-1
PHOR,2025-10-11,ШОРТ,-4,6853.0,1.75,False,2.44,False,-1.84,True,0,-1,-1,0,-2,0,0,0,0,0
PHOR,2025-10-15,ШОРТ,-3,6757.0,4.32,False,0.86,False,0.16,False,1,-2,-1,0,0,0,0,0,-1,0
PHOR,2025-10-16,ШОРТ,-3,6973.0,0.67,False,-2.21,True,-2.88,True,0,-1,-1,0,0,0,0,0,-1,0
PHOR,2025-10-29,ШОРТ,-4,6755.0,-0.71,True,-1.55,True,-0.43,True,0,-2,-1,-1,0,0,0,0,0,0
PHOR,2025-10-30,ШОРТ,-3,6800.0,-1.46,True,-1.69,True,-1.9,True,0,-1,-1,-1,0,-1,1,0,0,0
PHOR,2025-10-31,ШОРТ,-3,6726.0,0.25,False,-0.97,True,-2.99,True,0,-1,-1,-1,0,0,0,0,0,0
PHOR,2025-12-19,ЛОНГ,3,6371.0,-3.28,False,-0.13,False,-0.17,False,1,1,-1,0,0,0,1,0,0,1
PHOR,2026-01-16,ШОРТ,-3,6360.0,1.65,False,0.63,False,1.21,False,0,-2,-1,0,0,0,0,0,0,0
PHOR,2026-02-04,ШОРТ,-3,6438.0,-0.98,True,-1.52,True,6.71,False,0,-2,-1,0,0,0,0,0,0,0
PHOR,2026-02-09,ШОРТ,-4,6375.0,-0.55,True,4.67,False,9.33,False,0,-1,-1,1,-2,0,0,0,-1,0
PHOR,2026-02-10,ШОРТ,-3,6319.0,2.56,False,5.55,False,12.41,False,0,-1,-1,0,-2,0,1,0,-1,1
PHOR,2026-02-12,ШОРТ,-4,6421.0,3.64,False,4.2,False,11.2,False,0,-1,-1,0,-2,0,0,0,0,0
PHOR,2026-02-16,ШОРТ,-4,6340.0,5.25,False,8.36,False,13.04,False,0,-1,-1,0,0,-1,0,-1,0,0
PHOR,2026-02-19,ШОРТ,-3,6655.0,0.54,False,3.55,False,9.08,False,-1,1,-1,0,0,0,-2,1,0,-1
PHOR,2026-02-27,ШОРТ,-3,6920.0,2.64,False,6.46,False,9.83,False,-2,1,1,0,0,0,-1,-1,1,-2
